,word,likes,views,comments,reposts,TJ,«Медуза»,Коммерсантъ,РБК,РИА Новости
0,10,300.0,90245.0,159.0,22.0,0.0,2.0,1.0,1.0,0.0
1,11,332.0,88043.0,68.0,3.0,1.0,1.0,2.0,1.0,0.0
2,12,266.0,84653.0,154.0,3.0,1.0,2.0,1.0,0.0,0.0
3,1200,100.0,25657.0,51.0,1.0,0.0,1.0,0.0,0.0,0.0
4,14,241.0,78474.0,138.0,7.0,0.0,2.0,0.0,0.0,0.0
5,15,321.0,103135.0,167.0,16.0,0.0,2.0,0.0,2.0,0.0
6,16,70.0,33485.0,30.0,4.0,0.0,1.0,0.0,0.0,0.0
7,17,49.0,25044.0,44.0,3.0,1.0,0.0,1.0,0.0,0.0
8,18,111.0,31568.0,44.0,5.0,0.0,1.0,0.0,0.0,0.0
9,19,1812.0,610707.0,1239.0,99.0,5.0,4.0,1.0,5.0,5.0
10,20,141.0,62407.0,389.0,17.0,0.0,0.0,0.0,1.0,1.0
11,200,50.0,25521.0,63.0,3.0,0.0,0.0,0.0,1.0,0.0
12,2018,90.0,37653.0,22.0,1.0,0.0,1.0,0.0,0.0,0.0
13,2020,312.0,89651.0,80.0,10.0,2.0,1.0,0.0,1.0,0.0
14,2022,57.0,25722.0,164.0,8.0,0.0,0.0,0.0,1.0,0.0
15,21,241.0,93143.0,100.0,7.0,1.0,2.0,0.0,0.0,0.0
16,228,121.0,28439.0,58.0,9.0,0.0,1.0,0.0,0.0,0.0
17,26,102.0,25602.0,120.0,1.0,0.0,1.0,0.0,0.0,0.0
18,2757,126.0,39573.0,63.0,5.0,0.0,1.0,0.0,0.0,0.0
19,2гис,319.0,83443.0,178.0,13.0,2.0,1.0,0.0,0.0,0.0
20,30,271.0,63591.0,174.0,12.0,1.0,0.0,0.0,0.0,1.0
21,300,256.0,86657.0,78.0,19.0,1.0,2.0,0.0,0.0,0.0
22,34,241.0,42863.0,172.0,10.0,0.0,0.0,0.0,0.0,1.0
23,39,31.0,16905.0,79.0,0.0,0.0,0.0,0.0,1.0,0.0
24,40,7.0,3032.0,6.0,0.0,0.0,0.0,1.0,0.0,0.0
25,485,32.0,21557.0,48.0,0.0,1.0,0.0,0.0,0.0,0.0
26,49,56.0,42886.0,54.0,3.0,0.0,0.0,1.0,1.0,1.0
27,490,69.0,35556.0,34.0,3.0,0.0,1.0,0.0,0.0,0.0
28,493,18.0,19355.0,10.0,0.0,1.0,0.0,0.0,0.0,0.0
29,500,185.0,69057.0,108.0,8.0,1.0,1.0,0.0,1.0,0.0
30,53,97.0,69139.0,114.0,5.0,0.0,0.0,0.0,1.0,1.0
31,5g,31.0,21391.0,27.0,1.0,1.0,0.0,0.0,0.0,0.0
32,6vcr,148.0,23232.0,1.0,9.0,1.0,0.0,0.0,0.0,0.0
33,713,126.0,39573.0,63.0,5.0,0.0,1.0,0.0,0.0,0.0
34,720,437.0,37709.0,45.0,14.0,0.0,1.0,0.0,0.0,0.0
35,79,187.0,100581.0,183.0,9.0,0.0,2.0,0.0,0.0,1.0
36,8404,87.0,54911.0,44.0,3.0,1.0,1.0,0.0,0.0,0.0
37,8595,32.0,21557.0,48.0,0.0,1.0,0.0,0.0,0.0,0.0
38,8779,223.0,99194.0,315.0,10.0,1.0,1.0,0.0,0.0,1.0
39,95мс,129.0,42318.0,118.0,11.0,0.0,0.0,0.0,0.0,1.0
40,amazon,250.0,71011.0,112.0,11.0,1.0,1.0,0.0,1.0,0.0
41,android,92.0,18203.0,10.0,3.0,1.0,0.0,0.0,0.0,0.0
42,ar,23.0,8631.0,23.0,5.0,0.0,0.0,0.0,1.0,0.0
43,badcomedian,85.0,17686.0,29.0,3.0,1.0,0.0,0.0,0.0,0.0
44,band,96.0,18447.0,13.0,2.0,1.0,0.0,0.0,0.0,0.0
45,brent,38.0,19937.0,85.0,0.0,0.0,0.0,1.0,1.0,0.0
46,cnn,372.0,86571.0,191.0,15.0,1.0,1.0,0.0,0.0,0.0
47,com,185.0,50147.0,71.0,5.0,1.0,1.0,0.0,0.0,0.0
48,combinator,18.0,19554.0,23.0,0.0,1.0,0.0,0.0,0.0,0.0
49,covid,2110.0,675951.0,1448.0,125.0,5.0,4.0,1.0,7.0,5.0
50,crew,68.0,22873.0,68.0,4.0,0.0,0.0,0.0,1.0,0.0
51,dragon,68.0,22873.0,68.0,4.0,0.0,0.0,0.0,1.0,0.0
52,dutti,100.0,25657.0,51.0,1.0,0.0,1.0,0.0,0.0,0.0
53,fludd,35.0,16008.0,28.0,0.0,1.0,0.0,0.0,0.0,0.0
54,gone,35.0,16008.0,28.0,0.0,1.0,0.0,0.0,0.0,0.0
55,google,32.0,24421.0,13.0,0.0,1.0,0.0,0.0,0.0,0.0
56,hbo,366.0,108257.0,349.0,25.0,1.0,2.0,0.0,0.0,0.0
57,ibm,378.0,62615.0,50.0,12.0,1.0,1.0,0.0,0.0,0.0
58,inliberty,110.0,39520.0,34.0,4.0,0.0,1.0,0.0,0.0,0.0
59,instagram,1.0,2779.0,3.0,1.0,0.0,0.0,1.0,0.0,0.0
60,kfc,155.0,28946.0,26.0,6.0,1.0,0.0,0.0,0.0,0.0
61,lada,319.0,51754.0,338.0,17.0,0.0,1.0,0.0,0.0,0.0
62,massimo,100.0,25657.0,51.0,1.0,0.0,1.0,0.0,0.0,0.0
63,max,239.0,75466.0,227.0,18.0,1.0,1.0,0.0,0.0,0.0
64,meduza,163.0,51213.0,129.0,3.0,0.0,2.0,0.0,0.0,0.0
65,merriam,62.0,33382.0,91.0,1.0,0.0,1.0,0.0,0.0,0.0
66,mh17,125.0,87400.0,117.0,8.0,0.0,0.0,0.0,0.0,2.0
67,mi,96.0,18447.0,13.0,2.0,1.0,0.0,0.0,0.0,0.0
68,microsoft,81.0,20417.0,19.0,1.0,1.0,0.0,0.0,0.0,0.0
69,netflix,218.0,49084.0,11.0,7.0,2.0,0.0,0.0,0.0,0.0
70,nginx,111.0,77583.0,54.0,9.0,1.0,1.0,1.0,1.0,0.0
71,nintendo,105.0,54535.0,21.0,2.0,1.0,1.0,0.0,0.0,0.0
72,ozon,73.0,34023.0,16.0,1.0,0.0,1.0,0.0,0.0,0.0
73,play,32.0,24421.0,13.0,0.0,1.0,0.0,0.0,0.0,0.0
74,playstation,74.0,13145.0,31.0,2.0,1.0,0.0,1.0,0.0,0.0
75,pro,113.0,123445.0,59.0,6.0,0.0,0.0,0.0,8.0,0.0
76,putin,79.0,17349.0,26.0,2.0,1.0,0.0,0.0,0.0,0.0
77,qiwi,30.0,20728.0,2.0,2.0,1.0,0.0,0.0,0.0,0.0
78,rambler,25.0,18137.0,4.0,0.0,1.0,0.0,0.0,0.0,0.0
79,reddit,18.0,19554.0,23.0,0.0,1.0,0.0,0.0,0.0,0.0
80,rt,185.0,50147.0,71.0,5.0,1.0,1.0,0.0,0.0,0.0
81,s7,181.0,55712.0,65.0,5.0,1.0,1.0,0.0,0.0,0.0
82,sony,74.0,13145.0,31.0,2.0,1.0,0.0,1.0,0.0,0.0
83,space,67.0,20123.0,11.0,1.0,1.0,0.0,0.0,0.0,0.0
84,spacex,105.0,31354.0,98.0,2.0,0.0,1.0,0.0,0.0,0.0
85,spotify,204.0,37922.0,79.0,5.0,1.0,0.0,0.0,0.0,0.0
86,store,32.0,24421.0,13.0,0.0,1.0,0.0,0.0,0.0,0.0
87,tele2,224.0,42875.0,79.0,4.0,0.0,1.0,0.0,0.0,0.0
88,telegram,91.0,44219.0,119.0,5.0,0.0,0.0,0.0,0.0,1.0
89,thicc,79.0,17349.0,26.0,2.0,1.0,0.0,0.0,0.0,0.0
90,tiktok,147.0,46172.0,32.0,1.0,2.0,0.0,0.0,0.0,0.0
91,tj,5863.0,1551400.0,2232.0,175.0,70.0,0.0,0.0,0.0,0.0
92,twitter,94.0,55946.0,67.0,1.0,3.0,0.0,0.0,0.0,0.0
93,unilever,2.0,2818.0,0.0,0.0,0.0,0.0,1.0,0.0,0.0
94,vitawin,2.0,3164.0,3.0,1.0,0.0,0.0,1.0,0.0,0.0
95,vr,23.0,8631.0,23.0,5.0,0.0,0.0,0.0,1.0,0.0
96,walking,79.0,17349.0,26.0,2.0,1.0,0.0,0.0,0.0,0.0
97,webster,62.0,33382.0,91.0,1.0,0.0,1.0,0.0,0.0,0.0
98,whatsapp,30.0,17306.0,0.0,1.0,1.0,0.0,0.0,0.0,0.0
99,xiaomi,96.0,18447.0,13.0,2.0,1.0,0.0,0.0,0.0,0.0
100,youtube,321.0,81182.0,59.0,5.0,4.0,0.0,0.0,0.0,0.0
101,zara,100.0,25657.0,51.0,1.0,0.0,1.0,0.0,0.0,0.0
102,znak,185.0,50147.0,71.0,5.0,1.0,1.0,0.0,0.0,0.0
103,zynn,32.0,24421.0,13.0,0.0,1.0,0.0,0.0,0.0,0.0
104,абсурдный,0.0,0.0,0.0,0.0,0.0,0.0,0.0,0.0,0.0
105,авария,0.0,0.0,0.0,0.0,0.0,0.0,0.0,0.0,0.0
106,авианосец,175.0,63528.0,253.0,8.0,0.0,0.0,0.0,0.0,1.0
107,авифавир,169.0,55337.0,83.0,10.0,0.0,0.0,0.0,0.0,1.0
108,австрийский,0.0,0.0,0.0,0.0,0.0,0.0,0.0,0.0,0.0
109,автомобиль,0.0,0.0,0.0,0.0,0.0,0.0,0.0,0.0,0.0
110,автономный,0.0,0.0,0.0,0.0,0.0,0.0,0.0,0.0,0.0
111,автор,0.0,0.0,0.0,0.0,0.0,0.0,0.0,0.0,0.0
112,автосалон,0.0,0.0,0.0,0.0,0.0,0.0,0.0,0.0,0.0
113,агентство,0.0,0.0,0.0,0.0,0.0,0.0,0.0,0.0,0.0
114,агитационный,0.0,0.0,0.0,0.0,0.0,0.0,0.0,0.0,0.0
115,агитация,2.0,3248.0,5.0,1.0,0.0,0.0,1.0,0.0,0.0
116,агрегатор,0.0,0.0,0.0,0.0,0.0,0.0,0.0,0.0,0.0
117,адвокат,194.0,67244.0,176.0,7.0,1.0,0.0,2.0,0.0,1.0
118,административный,0.0,0.0,0.0,0.0,0.0,0.0,0.0,0.0,0.0
119,азар,0.0,0.0,0.0,0.0,0.0,0.0,0.0,0.0,0.0
120,айти,6.0,3394.0,3.0,1.0,0.0,0.0,1.0,0.0,0.0
121,айфон,92.0,18203.0,10.0,3.0,1.0,0.0,0.0,0.0,0.0
122,активист,0.0,0.0,0.0,0.0,0.0,0.0,0.0,0.0,0.0
123,активистка,0.0,0.0,0.0,0.0,0.0,0.0,0.0,0.0,0.0
124,активность,0.0,0.0,0.0,0.0,0.0,0.0,0.0,0.0,0.0
125,актёр,0.0,0.0,0.0,0.0,0.0,0.0,0.0,0.0,0.0
126,акционер,0.0,0.0,0.0,0.0,0.0,0.0,0.0,0.0,0.0
127,акция,77.0,23039.0,27.0,3.0,1.0,0.0,0.0,0.0,0.0
128,алгоритм,149.0,71862.0,43.0,4.0,1.0,0.0,0.0,0.0,1.0
129,александр,0.0,0.0,0.0,0.0,0.0,0.0,0.0,0.0,0.0
130,алкогольный,0.0,0.0,0.0,0.0,0.0,0.0,0.0,0.0,0.0
131,алкснис,121.0,59241.0,352.0,3.0,0.0,0.0,0.0,0.0,1.0
132,алушта,0.0,0.0,0.0,0.0,0.0,0.0,0.0,0.0,0.0
133,альтернатива,0.0,0.0,0.0,0.0,0.0,0.0,0.0,0.0,0.0
134,альтернативу,105.0,31354.0,98.0,2.0,0.0,1.0,0.0,0.0,0.0
135,альянсом,2.0,2686.0,1.0,0.0,0.0,0.0,1.0,0.0,0.0
136,аляска,0.0,0.0,0.0,0.0,0.0,0.0,0.0,0.0,0.0
137,американец,0.0,0.0,0.0,0.0,0.0,0.0,0.0,0.0,0.0
138,американски,18.0,16621.0,14.0,2.0,0.0,0.0,0.0,1.0,0.0
139,американский,175.0,63528.0,253.0,8.0,0.0,0.0,0.0,0.0,1.0
140,амуре,122.0,37335.0,75.0,6.0,0.0,1.0,0.0,0.0,0.0
141,амфетамин,0.0,0.0,0.0,0.0,0.0,0.0,0.0,0.0,0.0
142,анализировать,0.0,0.0,0.0,0.0,0.0,0.0,0.0,0.0,0.0
143,анапа,0.0,0.0,0.0,0.0,0.0,0.0,0.0,0.0,0.0
144,анархист,0.0,0.0,0.0,0.0,0.0,0.0,0.0,0.0,0.0
145,анатолий,503.0,119099.0,174.0,33.0,0.0,1.0,0.0,1.0,1.0
146,аниме,30.0,16162.0,21.0,2.0,1.0,0.0,0.0,0.0,0.0
147,антирекорд,52.0,18807.0,50.0,4.0,0.0,0.0,0.0,1.0,0.0
148,антитело,0.0,0.0,0.0,0.0,0.0,0.0,0.0,0.0,0.0
149,анфис,0.0,0.0,0.0,0.0,0.0,0.0,0.0,0.0,0.0
150,апатия,58.0,22376.0,29.0,2.0,1.0,0.0,0.0,0.0,0.0
151,апрель,52.0,18807.0,50.0,4.0,0.0,0.0,0.0,1.0,0.0
152,арендатор,0.0,0.0,0.0,0.0,0.0,0.0,0.0,0.0,0.0
153,арест,282.0,100621.0,251.0,9.0,2.0,2.0,0.0,0.0,0.0
154,арестовать,0.0,0.0,0.0,0.0,0.0,0.0,0.0,0.0,0.0
155,армия,0.0,0.0,0.0,0.0,0.0,0.0,0.0,0.0,0.0
156,арт,148.0,23232.0,1.0,9.0,1.0,0.0,0.0,0.0,0.0
157,архангельский,0.0,0.0,0.0,0.0,0.0,0.0,0.0,0.0,0.0
158,археолог,0.0,0.0,0.0,0.0,0.0,0.0,0.0,0.0,0.0
159,архитектура,70.0,22084.0,3.0,4.0,1.0,0.0,0.0,0.0,0.0
160,астронавт,105.0,31354.0,98.0,2.0,0.0,1.0,0.0,0.0,0.0
161,атлантиса,105.0,31354.0,98.0,2.0,0.0,1.0,0.0,0.0,0.0
162,афганистан,0.0,0.0,0.0,0.0,0.0,0.0,0.0,0.0,0.0
163,ашхабад,137.0,47213.0,47.0,3.0,0.0,1.0,0.0,0.0,0.0
164,бабушка,0.0,0.0,0.0,0.0,0.0,0.0,0.0,0.0,0.0
165,багдад,0.0,0.0,0.0,0.0,0.0,0.0,0.0,0.0,0.0
166,база,0.0,0.0,0.0,0.0,0.0,0.0,0.0,0.0,0.0
167,банда,186.0,56986.0,172.0,13.0,0.0,0.0,0.0,0.0,1.0
168,банка,0.0,0.0,0.0,0.0,0.0,0.0,0.0,0.0,0.0
169,бара,237.0,70177.0,327.0,13.0,0.0,0.0,0.0,0.0,1.0
170,баррель,31.0,16905.0,79.0,0.0,0.0,0.0,0.0,1.0,0.0
171,барьер,0.0,0.0,0.0,0.0,0.0,0.0,0.0,0.0,0.0
172,беги,88.0,32675.0,15.0,3.0,0.0,1.0,0.0,0.0,0.0
173,бедный,0.0,0.0,0.0,0.0,0.0,0.0,0.0,0.0,0.0
174,безопасный,0.0,0.0,0.0,0.0,0.0,0.0,0.0,0.0,0.0
175,безработный,0.0,0.0,0.0,0.0,0.0,0.0,0.0,0.0,0.0
176,безупречно,181.0,36553.0,37.0,7.0,0.0,1.0,0.0,0.0,0.0
177,безусловных,81.0,21338.0,235.0,10.0,0.0,0.0,0.0,1.0,0.0
178,бела,0.0,0.0,0.0,0.0,0.0,0.0,0.0,0.0,0.0
179,белгород,0.0,0.0,0.0,0.0,0.0,0.0,0.0,0.0,0.0
180,белоцерковског,12.0,13805.0,4.0,0.0,0.0,0.0,0.0,1.0,0.0
181,белый,6.0,16211.0,1.0,0.0,0.0,0.0,1.0,0.0,0.0
182,бензин,4.0,3113.0,1.0,0.0,0.0,0.0,1.0,0.0,0.0
183,бензол,0.0,0.0,0.0,0.0,0.0,0.0,0.0,0.0,0.0
184,бережной,8.0,3212.0,3.0,0.0,0.0,0.0,1.0,0.0,0.0
185,беременность,114.0,36423.0,57.0,5.0,0.0,1.0,0.0,0.0,0.0
186,беречь,0.0,0.0,0.0,0.0,0.0,0.0,0.0,0.0,0.0
187,беспокоить,0.0,0.0,0.0,0.0,0.0,0.0,0.0,0.0,0.0
188,бизнес,62.0,62552.0,15.0,2.0,0.0,1.0,0.0,2.0,0.0
189,бизнесмен,0.0,0.0,0.0,0.0,0.0,0.0,0.0,0.0,0.0
190,бизнесом,9.0,13368.0,0.0,0.0,0.0,0.0,0.0,1.0,0.0
191,билет,0.0,0.0,0.0,0.0,0.0,0.0,0.0,0.0,0.0
192,биржа,0.0,0.0,0.0,0.0,0.0,0.0,0.0,0.0,0.0
193,битва,100.0,20576.0,3.0,6.0,1.0,0.0,0.0,0.0,0.0
194,благоприятный,0.0,0.0,0.0,0.0,0.0,0.0,0.0,0.0,0.0
195,блог,109.0,23166.0,24.0,1.0,1.0,0.0,0.0,0.0,0.0
196,блокировать,281.0,102009.0,187.0,17.0,0.0,0.0,0.0,0.0,2.0
197,бога,88.0,32675.0,15.0,3.0,0.0,1.0,0.0,0.0,0.0
198,богатство,0.0,0.0,0.0,0.0,0.0,0.0,0.0,0.0,0.0
199,более,320.0,81604.0,204.0,14.0,0.0,1.0,1.0,1.0,0.0
200,больница,0.0,0.0,0.0,0.0,0.0,0.0,0.0,0.0,0.0
201,больницы,431.0,118508.0,189.0,28.0,0.0,1.0,0.0,1.0,1.0
202,больной,0.0,0.0,0.0,0.0,0.0,0.0,0.0,0.0,0.0
203,больше,550.0,197310.0,210.0,17.0,5.0,2.0,1.0,0.0,0.0
204,большой,0.0,0.0,0.0,0.0,0.0,0.0,0.0,0.0,0.0
205,борис,0.0,0.0,0.0,0.0,0.0,0.0,0.0,0.0,0.0
206,бридж,88.0,32675.0,15.0,3.0,0.0,1.0,0.0,0.0,0.0
207,бросить,0.0,0.0,0.0,0.0,0.0,0.0,0.0,0.0,0.0
208,брянск,0.0,0.0,0.0,0.0,0.0,0.0,0.0,0.0,0.0
209,будущего,155.0,28946.0,26.0,6.0,1.0,0.0,0.0,0.0,0.0
210,будущее,19.0,5531.0,2.0,2.0,0.0,0.0,0.0,1.0,0.0
211,бы,2.0,3228.0,0.0,0.0,0.0,0.0,1.0,0.0,0.0
212,бывший,111.0,31568.0,44.0,5.0,0.0,1.0,0.0,0.0,0.0
213,быстро,58.0,22376.0,29.0,2.0,1.0,0.0,0.0,0.0,0.0
214,быстрый,0.0,0.0,0.0,0.0,0.0,0.0,0.0,0.0,0.0
215,быть,181.0,36553.0,37.0,7.0,0.0,1.0,0.0,0.0,0.0
216,бюджет,9.0,13368.0,0.0,0.0,0.0,0.0,0.0,1.0,0.0
217,бюджетник,0.0,0.0,0.0,0.0,0.0,0.0,0.0,0.0,0.0
218,вагинами,77.0,23039.0,27.0,3.0,1.0,0.0,0.0,0.0,0.0
219,вагины,122.0,37335.0,75.0,6.0,0.0,1.0,0.0,0.0,0.0
220,вагон,0.0,0.0,0.0,0.0,0.0,0.0,0.0,0.0,0.0
221,важный,0.0,0.0,0.0,0.0,0.0,0.0,0.0,0.0,0.0
222,вакарчук,79.0,31774.0,54.0,1.0,0.0,1.0,1.0,0.0,0.0
223,вакцинация,90.0,38004.0,194.0,9.0,0.0,0.0,0.0,0.0,1.0
224,ввести,101.0,27626.0,284.0,10.0,0.0,0.0,0.0,1.0,0.0
225,вводить,44.0,22437.0,43.0,3.0,0.0,1.0,0.0,1.0,0.0
226,вдвое,81.0,21338.0,235.0,10.0,0.0,0.0,0.0,1.0,0.0
227,вдохновлять,0.0,0.0,0.0,0.0,0.0,0.0,0.0,0.0,0.0
228,ведомостей,37.0,28432.0,11.0,1.0,0.0,1.0,1.0,0.0,0.0
229,везет,136.0,39709.0,66.0,2.0,0.0,1.0,1.0,1.0,0.0
230,везти,943.0,177379.0,913.0,16.0,4.0,1.0,0.0,0.0,0.0
231,великий,0.0,0.0,0.0,0.0,0.0,0.0,0.0,0.0,0.0
232,венчурный,0.0,0.0,0.0,0.0,0.0,0.0,0.0,0.0,0.0
233,веранда,0.0,0.0,0.0,0.0,0.0,0.0,0.0,0.0,0.0
234,вернуться,57.0,36496.0,37.0,3.0,0.0,1.0,0.0,0.0,0.0
235,версия,0.0,0.0,0.0,0.0,0.0,0.0,0.0,0.0,0.0
236,весь,0.0,0.0,0.0,0.0,0.0,0.0,0.0,0.0,0.0
237,ветром,366.0,108257.0,349.0,25.0,1.0,2.0,0.0,0.0,0.0
238,взломать,0.0,0.0,0.0,0.0,0.0,0.0,0.0,0.0,0.0
239,вид,0.0,0.0,0.0,0.0,0.0,0.0,0.0,0.0,0.0
240,видео,445.0,153893.0,330.0,23.0,1.0,0.0,0.0,1.0,2.0
241,видеоблогер,0.0,0.0,0.0,0.0,0.0,0.0,0.0,0.0,0.0
242,вина,0.0,0.0,0.0,0.0,0.0,0.0,0.0,0.0,0.0
243,вино,55.0,15546.0,9.0,3.0,1.0,0.0,0.0,0.0,0.0
244,вирус,0.0,0.0,0.0,0.0,0.0,0.0,0.0,0.0,0.0
245,вирусолог,110.0,53264.0,45.0,7.0,0.0,0.0,0.0,0.0,1.0
246,виталий,0.0,0.0,0.0,0.0,0.0,0.0,0.0,0.0,0.0
247,включить,0.0,0.0,0.0,0.0,0.0,0.0,0.0,0.0,0.0
248,вконтакте,173.0,40123.0,25.0,5.0,1.0,0.0,0.0,0.0,0.0
249,вкус,0.0,0.0,0.0,0.0,0.0,0.0,0.0,0.0,0.0
250,владелец,100.0,25657.0,51.0,1.0,0.0,1.0,0.0,0.0,0.0
251,владимир,0.0,0.0,0.0,0.0,0.0,0.0,0.0,0.0,0.0
252,власть,0.0,0.0,0.0,0.0,0.0,0.0,0.0,0.0,0.0
253,вместе,65.0,33280.0,31.0,2.0,0.0,1.0,0.0,0.0,0.0
254,внести,0.0,0.0,0.0,0.0,0.0,0.0,0.0,0.0,0.0
255,внимание,121.0,28439.0,58.0,9.0,0.0,1.0,0.0,0.0,0.0
256,водитель,511.0,122085.0,472.0,26.0,1.0,1.0,0.0,0.0,1.0
257,воз,1468.0,296362.0,1325.0,108.0,1.0,2.0,1.0,1.0,1.0
258,возбудить,0.0,0.0,0.0,0.0,0.0,0.0,0.0,0.0,0.0
259,возвращаться,15.0,13907.0,10.0,0.0,0.0,0.0,0.0,1.0,0.0
260,возвращаю,85.0,31257.0,14.0,0.0,0.0,1.0,0.0,0.0,0.0
261,возвращение,72.0,19960.0,15.0,0.0,1.0,0.0,0.0,0.0,0.0
262,возглавить,0.0,0.0,0.0,0.0,0.0,0.0,0.0,0.0,0.0
263,возле,108.0,51187.0,50.0,3.0,0.0,0.0,0.0,0.0,1.0
264,возможный,0.0,0.0,0.0,0.0,0.0,0.0,0.0,0.0,0.0
265,войти,0.0,0.0,0.0,0.0,0.0,0.0,0.0,0.0,0.0
266,волна,0.0,0.0,0.0,0.0,0.0,0.0,0.0,0.0,0.0
267,вопрос,0.0,0.0,0.0,0.0,0.0,0.0,0.0,0.0,0.0
268,ворваться,0.0,0.0,0.0,0.0,0.0,0.0,0.0,0.0,0.0
269,воронеж,0.0,0.0,0.0,0.0,0.0,0.0,0.0,0.0,0.0
270,воронин,0.0,0.0,0.0,0.0,0.0,0.0,0.0,0.0,0.0
271,восстановление,0.0,0.0,0.0,0.0,0.0,0.0,0.0,0.0,0.0
272,восьмилетний,0.0,0.0,0.0,0.0,0.0,0.0,0.0,0.0,0.0
273,впервые,441.0,147106.0,411.0,21.0,0.0,1.0,0.0,1.0,2.0
274,враг,5.0,3463.0,1.0,0.0,0.0,0.0,1.0,0.0,0.0
275,врач,114.0,36423.0,57.0,5.0,0.0,1.0,0.0,0.0,0.0
276,время,514.0,211999.0,438.0,20.0,4.0,1.0,1.0,0.0,1.0
277,вряд,58.0,22376.0,29.0,2.0,1.0,0.0,0.0,0.0,0.0
278,всерьез,65.0,33280.0,31.0,2.0,0.0,1.0,0.0,0.0,0.0
279,всех,493.0,153894.0,329.0,15.0,0.0,2.0,0.0,0.0,1.0
280,встать,0.0,0.0,0.0,0.0,0.0,0.0,0.0,0.0,0.0
281,встреча,0.0,0.0,0.0,0.0,0.0,0.0,0.0,0.0,0.0
282,вуз,0.0,0.0,0.0,0.0,0.0,0.0,0.0,0.0,0.0
283,вход,0.0,0.0,0.0,0.0,0.0,0.0,0.0,0.0,0.0
284,въезд,0.0,0.0,0.0,0.0,0.0,0.0,0.0,0.0,0.0
285,вы,865.0,212045.0,573.0,23.0,4.0,2.0,0.0,0.0,0.0
286,выбесить,0.0,0.0,0.0,0.0,0.0,0.0,0.0,0.0,0.0
287,выбрать,110.0,39520.0,34.0,4.0,0.0,1.0,0.0,0.0,0.0
288,вывеска,0.0,0.0,0.0,0.0,0.0,0.0,0.0,0.0,0.0
289,выглядеть,0.0,0.0,0.0,0.0,0.0,0.0,0.0,0.0,0.0
290,выгнать,0.0,0.0,0.0,0.0,0.0,0.0,0.0,0.0,0.0
291,выдача,0.0,0.0,0.0,0.0,0.0,0.0,0.0,0.0,0.0
292,выдвинуть,0.0,0.0,0.0,0.0,0.0,0.0,0.0,0.0,0.0
293,вызвать,0.0,0.0,0.0,0.0,0.0,0.0,0.0,0.0,0.0
294,вызывать,0.0,0.0,0.0,0.0,0.0,0.0,0.0,0.0,0.0
295,выйти,58.0,30755.0,6.0,0.0,0.0,1.0,0.0,0.0,0.0
296,вымышленный,0.0,0.0,0.0,0.0,0.0,0.0,0.0,0.0,0.0
297,выпивать,0.0,0.0,0.0,0.0,0.0,0.0,0.0,0.0,0.0
298,выпить,55.0,15546.0,9.0,3.0,1.0,0.0,0.0,0.0,0.0
299,выплата,0.0,0.0,0.0,0.0,0.0,0.0,0.0,0.0,0.0
300,выпрыгивать,159.0,20858.0,9.0,6.0,1.0,0.0,0.0,0.0,0.0
301,выпускать,0.0,0.0,0.0,0.0,0.0,0.0,0.0,0.0,0.0
302,выпустить,0.0,0.0,0.0,0.0,0.0,0.0,0.0,0.0,0.0
303,выступать,0.0,0.0,0.0,0.0,0.0,0.0,0.0,0.0,0.0
304,выступить,0.0,0.0,0.0,0.0,0.0,0.0,0.0,0.0,0.0
305,выступлению,23.0,17009.0,2.0,3.0,0.0,0.0,0.0,1.0,0.0
306,вытянуть,2.0,3507.0,3.0,2.0,0.0,0.0,1.0,0.0,0.0
307,выход,1.0,2219.0,0.0,1.0,0.0,0.0,1.0,0.0,0.0
308,выходить,131.0,68200.0,132.0,9.0,1.0,0.0,0.0,1.0,1.0
309,выше,129.0,69826.0,177.0,9.0,0.0,1.0,0.0,0.0,1.0
310,выявить,0.0,0.0,0.0,0.0,0.0,0.0,0.0,0.0,0.0
311,гага,0.0,0.0,0.0,0.0,0.0,0.0,0.0,0.0,0.0
312,гаджетом,23.0,19144.0,0.0,1.0,1.0,0.0,0.0,0.0,0.0
313,газманов,248.0,33534.0,24.0,2.0,0.0,1.0,0.0,0.0,0.0
314,гайд,131.0,60965.0,83.0,7.0,1.0,1.0,0.0,0.0,0.0
315,галина,127.0,32791.0,122.0,7.0,0.0,1.0,0.0,0.0,0.0
316,гамлет,23.0,19144.0,0.0,1.0,1.0,0.0,0.0,0.0,0.0
317,где,680.0,192306.0,425.0,34.0,0.0,2.0,0.0,0.0,2.0
318,гендиректор,18.0,19554.0,23.0,0.0,1.0,0.0,0.0,0.0,0.0
319,генерал,125.0,64750.0,73.0,3.0,0.0,2.0,0.0,0.0,0.0
320,генпрокурор,0.0,0.0,0.0,0.0,0.0,0.0,0.0,0.0,0.0
321,герой,0.0,0.0,0.0,0.0,0.0,0.0,0.0,0.0,0.0
322,гибдд,106.0,55173.0,158.0,4.0,0.0,0.0,0.0,0.0,1.0
323,гигантский,0.0,0.0,0.0,0.0,0.0,0.0,0.0,0.0,0.0
324,глава,304.0,105793.0,231.0,20.0,0.0,3.0,0.0,1.0,0.0
325,главное,50.0,19671.0,17.0,0.0,1.0,0.0,0.0,0.0,0.0
326,главный,131.0,20797.0,11.0,1.0,1.0,0.0,0.0,0.0,0.0
327,главрач,42.0,20780.0,55.0,2.0,0.0,0.0,0.0,1.0,0.0
328,главред,0.0,0.0,0.0,0.0,0.0,0.0,0.0,0.0,0.0
329,гладилин,3.0,3821.0,1.0,0.0,0.0,0.0,1.0,0.0,0.0
330,глупый,0.0,0.0,0.0,0.0,0.0,0.0,0.0,0.0,0.0
331,говорила,106.0,39603.0,38.0,7.0,0.0,1.0,0.0,0.0,0.0
332,говорили,161.0,39986.0,42.0,4.0,0.0,1.0,0.0,0.0,0.0
333,говорит,106.0,39603.0,38.0,7.0,0.0,1.0,0.0,0.0,0.0
334,говорить,7.0,19348.0,5.0,0.0,0.0,0.0,1.0,0.0,0.0
335,говорящий,0.0,0.0,0.0,0.0,0.0,0.0,0.0,0.0,0.0
336,год,321.0,94147.0,135.0,15.0,1.0,2.0,0.0,1.0,0.0
337,голов,0.0,0.0,0.0,0.0,0.0,0.0,0.0,0.0,0.0
338,голоса,1.0,2950.0,3.0,0.0,0.0,0.0,1.0,0.0,0.0
339,голосование,231.0,60235.0,421.0,16.0,0.0,1.0,0.0,1.0,0.0
340,голосовань,0.0,0.0,0.0,0.0,0.0,0.0,0.0,0.0,0.0
341,голосовой,0.0,0.0,0.0,0.0,0.0,0.0,0.0,0.0,0.0
342,голунов,0.0,0.0,0.0,0.0,0.0,0.0,0.0,0.0,0.0
343,гонконг,137.0,47213.0,47.0,3.0,0.0,1.0,0.0,0.0,0.0
344,гореть,0.0,0.0,0.0,0.0,0.0,0.0,0.0,0.0,0.0
345,гормон,0.0,0.0,0.0,0.0,0.0,0.0,0.0,0.0,0.0
346,город,0.0,0.0,0.0,0.0,0.0,0.0,0.0,0.0,0.0
347,госбанк,37.0,15381.0,28.0,0.0,1.0,0.0,0.0,0.0,0.0
348,госдолг,117.0,49334.0,223.0,10.0,0.0,0.0,0.0,0.0,1.0
349,госизмена,0.0,0.0,0.0,0.0,0.0,0.0,0.0,0.0,0.0
350,гость,0.0,0.0,0.0,0.0,0.0,0.0,0.0,0.0,0.0
351,государственный,0.0,0.0,0.0,0.0,0.0,0.0,0.0,0.0,0.0
352,государство,0.0,0.0,0.0,0.0,0.0,0.0,0.0,0.0,0.0
353,государству,181.0,55712.0,65.0,5.0,1.0,1.0,0.0,0.0,0.0
354,готовить,0.0,0.0,0.0,0.0,0.0,0.0,0.0,0.0,0.0
355,град,0.0,0.0,0.0,0.0,0.0,0.0,0.0,0.0,0.0
356,граница,0.0,0.0,0.0,0.0,0.0,0.0,0.0,0.0,0.0
357,границу,57.0,36496.0,37.0,3.0,0.0,1.0,0.0,0.0,0.0
358,график,50.0,19671.0,17.0,0.0,1.0,0.0,0.0,0.0,0.0
359,гренландии,108.0,37652.0,99.0,0.0,0.0,1.0,0.0,0.0,0.0
360,гроза,0.0,0.0,0.0,0.0,0.0,0.0,0.0,0.0,0.0
361,грозить,0.0,0.0,0.0,0.0,0.0,0.0,0.0,0.0,0.0
362,громкий,0.0,0.0,0.0,0.0,0.0,0.0,0.0,0.0,0.0
363,громко,943.0,76000.0,258.0,43.0,1.0,1.0,0.0,0.0,0.0
364,губернатор,5.0,2873.0,2.0,0.0,0.0,0.0,1.0,0.0,0.0
365,гуфа,381.0,87848.0,139.0,7.0,1.0,1.0,0.0,0.0,0.0
366,да,469.0,112125.0,307.0,11.0,2.0,1.0,0.0,0.0,0.0
367,дагестан,0.0,0.0,0.0,0.0,0.0,0.0,0.0,0.0,0.0
368,дагестанский,0.0,0.0,0.0,0.0,0.0,0.0,0.0,0.0,0.0
369,дания,108.0,37652.0,99.0,0.0,0.0,1.0,0.0,0.0,0.0
370,дата,0.0,0.0,0.0,0.0,0.0,0.0,0.0,0.0,0.0
371,дать,0.0,0.0,0.0,0.0,0.0,0.0,0.0,0.0,0.0
372,дача,0.0,0.0,0.0,0.0,0.0,0.0,0.0,0.0,0.0
373,два,251.0,105270.0,161.0,14.0,1.0,1.0,1.0,0.0,1.0
374,девушка,5.0,3544.0,2.0,2.0,0.0,0.0,1.0,0.0,0.0
375,действие,0.0,0.0,0.0,0.0,0.0,0.0,0.0,0.0,0.0
376,действительно,30.0,16162.0,21.0,2.0,1.0,0.0,0.0,0.0,0.0
377,дела,229.0,106074.0,89.0,7.0,0.0,3.0,0.0,0.0,0.0
378,делать,184.0,34863.0,30.0,10.0,0.0,1.0,0.0,0.0,0.0
379,дело,1585.0,467887.0,1289.0,56.0,2.0,5.0,0.0,3.0,3.0
380,день,140.0,58938.0,71.0,2.0,1.0,0.0,1.0,2.0,0.0
381,деньга,0.0,0.0,0.0,0.0,0.0,0.0,0.0,0.0,0.0
382,депозит,0.0,0.0,0.0,0.0,0.0,0.0,0.0,0.0,0.0
383,депутат,0.0,0.0,0.0,0.0,0.0,0.0,0.0,0.0,0.0
384,деревня,0.0,0.0,0.0,0.0,0.0,0.0,0.0,0.0,0.0
385,держать,57.0,25722.0,164.0,8.0,0.0,0.0,0.0,1.0,0.0
386,десять,115.0,21751.0,19.0,1.0,1.0,0.0,0.0,0.0,0.0
387,дешёвый,0.0,0.0,0.0,0.0,0.0,0.0,0.0,0.0,0.0
388,джордж,0.0,0.0,0.0,0.0,0.0,0.0,0.0,0.0,0.0
389,дивидендов,74.0,28480.0,22.0,3.0,0.0,1.0,0.0,0.0,0.0
390,дизайн,141.0,33728.0,30.0,6.0,2.0,0.0,0.0,0.0,0.0
391,дизайнер,0.0,0.0,0.0,0.0,0.0,0.0,0.0,0.0,0.0
392,дизлайк,0.0,0.0,0.0,0.0,0.0,0.0,0.0,0.0,0.0
393,дилемма,0.0,0.0,0.0,0.0,0.0,0.0,0.0,0.0,0.0
394,директор,0.0,0.0,0.0,0.0,0.0,0.0,0.0,0.0,0.0
395,директоров,23.0,36018.0,26.0,0.0,1.0,0.0,0.0,1.0,0.0
396,дистанционный,0.0,0.0,0.0,0.0,0.0,0.0,0.0,0.0,0.0
397,дмитрия,6.0,6323.0,5.0,3.0,0.0,0.0,2.0,0.0,0.0
398,дня,0.0,2472.0,0.0,0.0,0.0,0.0,1.0,0.0,0.0
399,добавить,21.0,16569.0,30.0,0.0,1.0,0.0,0.0,0.0,0.0
400,догнать,0.0,0.0,0.0,0.0,0.0,0.0,0.0,0.0,0.0
401,договориться,0.0,0.0,0.0,0.0,0.0,0.0,0.0,0.0,0.0
402,дойти,0.0,0.0,0.0,0.0,0.0,0.0,0.0,0.0,0.0
403,доказательство,0.0,0.0,0.0,0.0,0.0,0.0,0.0,0.0,0.0
404,документальный,131.0,20797.0,11.0,1.0,1.0,0.0,0.0,0.0,0.0
405,долг,0.0,0.0,0.0,0.0,0.0,0.0,0.0,0.0,0.0
406,долго,106.0,39603.0,38.0,7.0,0.0,1.0,0.0,0.0,0.0
407,должный,0.0,0.0,0.0,0.0,0.0,0.0,0.0,0.0,0.0
408,доля,81.0,21338.0,235.0,10.0,0.0,0.0,0.0,1.0,0.0
409,дом,0.0,0.0,0.0,0.0,0.0,0.0,0.0,0.0,0.0
410,домашний,220.0,87197.0,225.0,5.0,2.0,1.0,0.0,0.0,0.0
411,доме,91.0,37694.0,22.0,8.0,0.0,0.0,0.0,0.0,1.0
412,домой,57.0,36496.0,37.0,3.0,0.0,1.0,0.0,0.0,0.0
413,донбасс,3.0,3328.0,0.0,0.0,0.0,0.0,1.0,0.0,0.0
414,допрос,106.0,49531.0,147.0,4.0,0.0,1.0,0.0,1.0,0.0
415,допросить,0.0,0.0,0.0,0.0,0.0,0.0,0.0,0.0,0.0
416,допустимый,0.0,0.0,0.0,0.0,0.0,0.0,0.0,0.0,0.0
417,дорогой,0.0,0.0,0.0,0.0,0.0,0.0,0.0,0.0,0.0
418,досрочно,31.0,16134.0,35.0,5.0,0.0,0.0,0.0,1.0,0.0
419,досрочный,0.0,0.0,0.0,0.0,0.0,0.0,0.0,0.0,0.0
420,доставить,0.0,0.0,0.0,0.0,0.0,0.0,0.0,0.0,0.0
421,достигать,0.0,0.0,0.0,0.0,0.0,0.0,0.0,0.0,0.0
422,достигнуть,0.0,0.0,0.0,0.0,0.0,0.0,0.0,0.0,0.0
423,доступ,62.0,19108.0,39.0,5.0,0.0,0.0,0.0,1.0,0.0
424,досье,59.0,52036.0,46.0,3.0,0.0,0.0,0.0,0.0,1.0
425,доторговаться,0.0,0.0,0.0,0.0,0.0,0.0,0.0,0.0,0.0
426,доход,0.0,0.0,0.0,0.0,0.0,0.0,0.0,0.0,0.0
427,доходность,55.0,15546.0,9.0,3.0,1.0,0.0,0.0,0.0,0.0
428,дочке,30.0,18575.0,39.0,0.0,0.0,0.0,0.0,1.0,0.0
429,друга,2.0,3248.0,5.0,1.0,0.0,0.0,1.0,0.0,0.0
430,другой,130.0,27626.0,96.0,6.0,1.0,0.0,0.0,0.0,0.0
431,дрянь,0.0,0.0,0.0,0.0,0.0,0.0,0.0,0.0,0.0
432,дтп,1340.0,453629.0,1545.0,60.0,5.0,2.0,0.0,3.0,4.0
433,дубай,0.0,0.0,0.0,0.0,0.0,0.0,0.0,0.0,0.0
434,евро,273.0,119552.0,252.0,22.0,0.0,1.0,0.0,0.0,2.0
435,еврокомиссия,51.0,18567.0,64.0,3.0,0.0,0.0,0.0,1.0,0.0
436,европейский,0.0,0.0,0.0,0.0,0.0,0.0,0.0,0.0,0.0
437,евросоюз,49.0,35653.0,22.0,3.0,0.0,0.0,1.0,1.0,0.0
438,егэ,26.0,15089.0,22.0,1.0,0.0,0.0,0.0,1.0,0.0
439,ее,1269.0,209518.0,1236.0,71.0,0.0,3.0,0.0,0.0,0.0
440,елена,0.0,0.0,0.0,0.0,0.0,0.0,0.0,0.0,0.0
441,ести,0.0,0.0,0.0,0.0,0.0,0.0,0.0,0.0,0.0
442,ефрем,0.0,0.0,0.0,0.0,0.0,0.0,0.0,0.0,0.0
443,ефремов,402.0,153490.0,707.0,26.0,0.0,0.0,0.0,0.0,3.0
444,ефремова,1189.0,404895.0,1360.0,49.0,5.0,3.0,0.0,4.0,2.0
445,ещё,21.0,16569.0,30.0,0.0,1.0,0.0,0.0,0.0,0.0
446,её,63.0,21881.0,37.0,1.0,1.0,0.0,0.0,0.0,0.0
447,жалить,0.0,0.0,0.0,0.0,0.0,0.0,0.0,0.0,0.0
448,ждать,0.0,0.0,0.0,0.0,0.0,0.0,0.0,0.0,0.0
449,женщине,135.0,30710.0,80.0,7.0,1.0,0.0,0.0,0.0,0.0
450,женщину,403.0,46368.0,199.0,12.0,0.0,1.0,0.0,0.0,0.0
451,жесткие,101.0,27626.0,284.0,10.0,0.0,0.0,0.0,1.0,0.0
452,живой,0.0,0.0,0.0,0.0,0.0,0.0,0.0,0.0,0.0
453,жизнь,0.0,0.0,0.0,0.0,0.0,0.0,0.0,0.0,0.0
454,житель,0.0,0.0,0.0,0.0,0.0,0.0,0.0,0.0,0.0
455,жкх,70.0,22078.0,46.0,9.0,0.0,0.0,0.0,1.0,0.0
456,журналист,0.0,0.0,0.0,0.0,0.0,0.0,0.0,0.0,0.0
457,забег,12.0,13805.0,4.0,0.0,0.0,0.0,0.0,1.0,0.0
458,заблокировать,0.0,0.0,0.0,0.0,0.0,0.0,0.0,0.0,0.0
459,заболеваемость,0.0,0.0,0.0,0.0,0.0,0.0,0.0,0.0,0.0
460,заболеть,0.0,0.0,0.0,0.0,0.0,0.0,0.0,0.0,0.0
461,забрать,81.0,25233.0,125.0,4.0,0.0,0.0,0.0,1.0,0.0
462,забытый,0.0,0.0,0.0,0.0,0.0,0.0,0.0,0.0,0.0
463,забыть,0.0,0.0,0.0,0.0,0.0,0.0,0.0,0.0,0.0
464,завести,0.0,0.0,0.0,0.0,0.0,0.0,0.0,0.0,0.0
465,заглянуть,0.0,0.0,0.0,0.0,0.0,0.0,0.0,0.0,0.0
466,заголовок,0.0,0.0,0.0,0.0,0.0,0.0,0.0,0.0,0.0
467,задержание,0.0,0.0,0.0,0.0,0.0,0.0,0.0,0.0,0.0
468,задержании,175.0,50788.0,68.0,9.0,1.0,1.0,0.0,0.0,0.0
469,задержанного,116.0,36797.0,24.0,2.0,0.0,1.0,0.0,0.0,0.0
470,задержать,0.0,0.0,0.0,0.0,0.0,0.0,0.0,0.0,0.0
471,задерживать,49.0,18340.0,33.0,4.0,0.0,0.0,0.0,1.0,0.0
472,задержка,0.0,0.0,0.0,0.0,0.0,0.0,0.0,0.0,0.0
473,задумываться,0.0,0.0,0.0,0.0,0.0,0.0,0.0,0.0,0.0
474,заказ,0.0,0.0,0.0,0.0,0.0,0.0,0.0,0.0,0.0
475,заказе,85.0,17686.0,29.0,3.0,1.0,0.0,0.0,0.0,0.0
476,заканчиваться,0.0,0.0,0.0,0.0,0.0,0.0,0.0,0.0,0.0
477,закон,0.0,0.0,0.0,0.0,0.0,0.0,0.0,0.0,0.0
478,законопроект,0.0,0.0,0.0,0.0,0.0,0.0,0.0,0.0,0.0
479,закрываться,0.0,0.0,0.0,0.0,0.0,0.0,0.0,0.0,0.0
480,закрыть,0.0,0.0,0.0,0.0,0.0,0.0,0.0,0.0,0.0
481,закупку,17.0,13859.0,18.0,2.0,0.0,0.0,0.0,1.0,0.0
482,замглавы,104.0,32502.0,66.0,8.0,0.0,0.0,0.0,0.0,1.0
483,заменить,0.0,0.0,0.0,0.0,0.0,0.0,0.0,0.0,0.0
484,замереть,0.0,0.0,0.0,0.0,0.0,0.0,0.0,0.0,0.0
485,заметить,0.0,0.0,0.0,0.0,0.0,0.0,0.0,0.0,0.0
486,заморозить,70.0,22078.0,46.0,9.0,0.0,0.0,0.0,1.0,0.0
487,заморозка,0.0,0.0,0.0,0.0,0.0,0.0,0.0,0.0,0.0
488,зампредседатель,0.0,0.0,0.0,0.0,0.0,0.0,0.0,0.0,0.0
489,занять,0.0,0.0,0.0,0.0,0.0,0.0,0.0,0.0,0.0
490,запад,0.0,0.0,0.0,0.0,0.0,0.0,0.0,0.0,0.0
491,записывать,0.0,0.0,0.0,0.0,0.0,0.0,0.0,0.0,0.0
492,запись,0.0,0.0,0.0,0.0,0.0,0.0,0.0,0.0,0.0
493,запланировать,0.0,0.0,0.0,0.0,0.0,0.0,0.0,0.0,0.0
494,заплатить,136.0,31147.0,52.0,7.0,0.0,1.0,0.0,0.0,0.0
495,заповедник,0.0,0.0,0.0,0.0,0.0,0.0,0.0,0.0,0.0
496,заподозрить,0.0,0.0,0.0,0.0,0.0,0.0,0.0,0.0,0.0
497,запрет,0.0,0.0,0.0,0.0,0.0,0.0,0.0,0.0,0.0
498,запретить,270.0,41668.0,60.0,4.0,0.0,1.0,0.0,0.0,0.0
499,запуск,0.0,0.0,0.0,0.0,0.0,0.0,0.0,0.0,0.0
500,заражение,0.0,0.0,0.0,0.0,0.0,0.0,0.0,0.0,0.0
501,заразиться,0.0,0.0,0.0,0.0,0.0,0.0,0.0,0.0,0.0
502,заразный,0.0,0.0,0.0,0.0,0.0,0.0,0.0,0.0,0.0
503,зарегистрировать,0.0,0.0,0.0,0.0,0.0,0.0,0.0,0.0,0.0
504,зарплата,0.0,0.0,0.0,0.0,0.0,0.0,0.0,0.0,0.0
505,заседание,0.0,0.0,0.0,0.0,0.0,0.0,0.0,0.0,0.0
506,зафиксировать,0.0,0.0,0.0,0.0,0.0,0.0,0.0,0.0,0.0
507,захаров,319.0,51754.0,338.0,17.0,0.0,1.0,0.0,0.0,0.0
508,зачем,37.0,15381.0,28.0,0.0,1.0,0.0,0.0,0.0,0.0
509,защита,0.0,0.0,0.0,0.0,0.0,0.0,0.0,0.0,0.0
510,защитить,5.0,16464.0,3.0,0.0,0.0,0.0,0.0,1.0,0.0
511,защититься,0.0,0.0,0.0,0.0,0.0,0.0,0.0,0.0,0.0
512,защитный,0.0,0.0,0.0,0.0,0.0,0.0,0.0,0.0,0.0
513,заявил,309.0,145721.0,288.0,19.0,0.0,0.0,0.0,1.0,3.0
514,заявили,229.0,52145.0,58.0,7.0,1.0,0.0,0.0,1.0,0.0
515,заявить,0.0,0.0,0.0,0.0,0.0,0.0,0.0,0.0,0.0
516,здесь,2.0,3228.0,0.0,0.0,0.0,0.0,1.0,0.0,0.0
517,здравоохранение,0.0,0.0,0.0,0.0,0.0,0.0,0.0,0.0,0.0
518,зеленский,0.0,0.0,0.0,0.0,0.0,0.0,0.0,0.0,0.0
519,зимой,90.0,38004.0,194.0,9.0,0.0,0.0,0.0,0.0,1.0
520,зиму,75.0,16833.0,15.0,5.0,0.0,1.0,0.0,0.0,0.0
521,знак,218.0,49084.0,11.0,7.0,2.0,0.0,0.0,0.0,0.0
522,знание,0.0,0.0,0.0,0.0,0.0,0.0,0.0,0.0,0.0
523,знать,63.0,37498.0,401.0,8.0,0.0,0.0,0.0,2.0,0.0
524,зона,0.0,0.0,0.0,0.0,0.0,0.0,0.0,0.0,0.0
525,зону,684.0,62368.0,238.0,33.0,1.0,1.0,0.0,0.0,0.0
526,зритель,0.0,0.0,0.0,0.0,0.0,0.0,0.0,0.0,0.0
527,игра,0.0,0.0,0.0,0.0,0.0,0.0,0.0,0.0,0.0
528,идея,0.0,0.0,0.0,0.0,0.0,0.0,0.0,0.0,0.0
529,идти,0.0,0.0,0.0,0.0,0.0,0.0,0.0,0.0,0.0
530,избавиться,72.0,50964.0,107.0,2.0,0.0,0.0,0.0,0.0,1.0
531,известный,0.0,0.0,0.0,0.0,0.0,0.0,0.0,0.0,0.0
532,извинились,290.0,43853.0,79.0,10.0,0.0,1.0,0.0,0.0,0.0
533,извиниться,0.0,0.0,0.0,0.0,0.0,0.0,0.0,0.0,0.0
534,извиняться,49.0,21241.0,244.0,6.0,0.0,0.0,0.0,0.0,1.0
535,издание,0.0,0.0,0.0,0.0,0.0,0.0,0.0,0.0,0.0
536,изменилось,121.0,28439.0,58.0,9.0,0.0,1.0,0.0,0.0,0.0
537,изменить,0.0,0.0,0.0,0.0,0.0,0.0,0.0,0.0,0.0
538,иллюзия,95.0,37992.0,35.0,8.0,0.0,0.0,0.0,0.0,1.0
539,илья,0.0,0.0,0.0,0.0,0.0,0.0,0.0,0.0,0.0
540,иметь,105.0,31354.0,98.0,2.0,0.0,1.0,0.0,0.0,0.0
541,иммунитет,82.0,33489.0,33.0,2.0,0.0,1.0,0.0,0.0,0.0
542,имя,0.0,0.0,0.0,0.0,0.0,0.0,0.0,0.0,0.0
543,инаугурация,0.0,0.0,0.0,0.0,0.0,0.0,0.0,0.0,0.0
544,инвестиция,0.0,0.0,0.0,0.0,0.0,0.0,0.0,0.0,0.0
545,инвестор,0.0,0.0,0.0,0.0,0.0,0.0,0.0,0.0,0.0
546,индустрия,0.0,0.0,0.0,0.0,0.0,0.0,0.0,0.0,0.0
547,инженер,0.0,0.0,0.0,0.0,0.0,0.0,0.0,0.0,0.0
548,инициатива,0.0,0.0,0.0,0.0,0.0,0.0,0.0,0.0,0.0
549,иностранец,0.0,0.0,0.0,0.0,0.0,0.0,0.0,0.0,0.0
550,иностранцев,180.0,66655.0,68.0,6.0,0.0,1.0,0.0,1.0,0.0
551,инструмент,14.0,17405.0,1.0,0.0,0.0,0.0,1.0,1.0,0.0
552,интервью,23.0,19144.0,0.0,1.0,1.0,0.0,0.0,0.0,0.0
553,интернаты,7.0,3062.0,1.0,2.0,0.0,0.0,1.0,0.0,0.0
554,интернет,1038.0,225917.0,274.0,29.0,11.0,0.0,0.0,0.0,0.0
555,интерфакс,75.0,35227.0,29.0,1.0,0.0,1.0,0.0,0.0,0.0
556,информация,0.0,0.0,0.0,0.0,0.0,0.0,0.0,0.0,0.0
557,информирование,0.0,0.0,0.0,0.0,0.0,0.0,0.0,0.0,0.0
558,иране,147.0,19875.0,58.0,8.0,1.0,0.0,0.0,0.0,0.0
559,иранец,0.0,0.0,0.0,0.0,0.0,0.0,0.0,0.0,0.0
560,ирина,0.0,0.0,0.0,0.0,0.0,0.0,0.0,0.0,0.0
561,иск,293.0,124173.0,124.0,14.0,2.0,2.0,0.0,1.0,0.0
562,искать,0.0,0.0,0.0,0.0,0.0,0.0,0.0,0.0,0.0
563,исключительный,0.0,0.0,0.0,0.0,0.0,0.0,0.0,0.0,0.0
564,искусством,127.0,32791.0,122.0,7.0,0.0,1.0,0.0,0.0,0.0
565,исламский,0.0,0.0,0.0,0.0,0.0,0.0,0.0,0.0,0.0
566,исландия,253.0,44669.0,20.0,8.0,0.0,1.0,0.0,0.0,0.0
567,использовать,188.0,51903.0,73.0,6.0,1.0,1.0,0.0,0.0,0.0
568,исправлять,0.0,0.0,0.0,0.0,0.0,0.0,0.0,0.0,0.0
569,испугаться,0.0,0.0,0.0,0.0,0.0,0.0,0.0,0.0,0.0
570,исследование,0.0,0.0,0.0,0.0,0.0,0.0,0.0,0.0,0.0
571,истина,0.0,0.0,0.0,0.0,0.0,0.0,0.0,0.0,0.0
572,истории,819.0,166697.0,175.0,23.0,4.0,3.0,1.0,0.0,0.0
573,история,395.0,62191.0,104.0,14.0,3.0,0.0,0.0,0.0,0.0
574,источник,0.0,0.0,0.0,0.0,0.0,0.0,0.0,0.0,0.0
575,ит,52.0,36024.0,56.0,6.0,0.0,0.0,0.0,2.0,0.0
576,италия,0.0,0.0,0.0,0.0,0.0,0.0,0.0,0.0,0.0
577,июль,0.0,0.0,0.0,0.0,0.0,0.0,0.0,0.0,0.0
578,июнь,0.0,0.0,0.0,0.0,0.0,0.0,0.0,0.0,0.0
579,июня,85.0,72074.0,35.0,4.0,0.0,1.0,3.0,2.0,0.0
580,кабинка,0.0,0.0,0.0,0.0,0.0,0.0,0.0,0.0,0.0
581,кадастровый,0.0,0.0,0.0,0.0,0.0,0.0,0.0,0.0,0.0
582,каждый,103.0,19598.0,106.0,2.0,1.0,0.0,0.0,0.0,0.0
583,казнь,0.0,0.0,0.0,0.0,0.0,0.0,0.0,0.0,0.0
584,казускома,35.0,16008.0,28.0,0.0,1.0,0.0,0.0,0.0,0.0
585,какой,0.0,0.0,0.0,0.0,0.0,0.0,0.0,0.0,0.0
586,калининград,0.0,0.0,0.0,0.0,0.0,0.0,0.0,0.0,0.0
587,калининграда,116.0,36797.0,24.0,2.0,0.0,1.0,0.0,0.0,0.0
588,камера,0.0,0.0,0.0,0.0,0.0,0.0,0.0,0.0,0.0
589,кампания,0.0,0.0,0.0,0.0,0.0,0.0,0.0,0.0,0.0
590,кандидат,0.0,0.0,0.0,0.0,0.0,0.0,0.0,0.0,0.0
591,карантин,504.0,138163.0,177.0,32.0,1.0,3.0,0.0,1.0,0.0
592,карантине,30.0,20728.0,2.0,2.0,1.0,0.0,0.0,0.0,0.0
593,карантинный,0.0,0.0,0.0,0.0,0.0,0.0,0.0,0.0,0.0
594,карта,0.0,0.0,0.0,0.0,0.0,0.0,0.0,0.0,0.0
595,каталог,0.0,0.0,0.0,0.0,0.0,0.0,0.0,0.0,0.0
596,кафе,3.0,2658.0,0.0,0.0,0.0,0.0,1.0,0.0,0.0
597,кац,72.0,21776.0,123.0,1.0,1.0,0.0,0.0,0.0,0.0
598,качество,0.0,0.0,0.0,0.0,0.0,0.0,0.0,0.0,0.0
599,квалов,0.0,2600.0,0.0,0.0,0.0,0.0,1.0,0.0,0.0
600,киана,0.0,0.0,0.0,0.0,0.0,0.0,0.0,0.0,0.0
601,кино,340.0,82412.0,84.0,7.0,3.0,0.0,1.0,0.0,0.0
602,кипяток,0.0,0.0,0.0,0.0,0.0,0.0,0.0,0.0,0.0
603,кислород,0.0,0.0,0.0,0.0,0.0,0.0,0.0,0.0,0.0
604,китай,69.0,53226.0,43.0,7.0,0.0,0.0,0.0,0.0,1.0
605,китайский,0.0,0.0,0.0,0.0,0.0,0.0,0.0,0.0,0.0
606,кладбище,118.0,31287.0,10.0,3.0,0.0,1.0,0.0,0.0,0.0
607,классики,23.0,19144.0,0.0,1.0,1.0,0.0,0.0,0.0,0.0
608,клиент,0.0,0.0,0.0,0.0,0.0,0.0,0.0,0.0,0.0
609,климатический,0.0,0.0,0.0,0.0,0.0,0.0,0.0,0.0,0.0
610,клип,302.0,65005.0,112.0,6.0,0.0,1.0,0.0,0.0,0.0
611,ключевой,0.0,0.0,0.0,0.0,0.0,0.0,0.0,0.0,0.0
612,кндр,133.0,58103.0,34.0,1.0,1.0,1.0,0.0,0.0,0.0
613,книга,0.0,0.0,0.0,0.0,0.0,0.0,0.0,0.0,0.0
614,ковид,7.0,3062.0,1.0,2.0,0.0,0.0,1.0,0.0,0.0
615,когда,229.0,53834.0,70.0,9.0,1.0,1.0,0.0,0.0,0.0
616,колено,0.0,0.0,0.0,0.0,0.0,0.0,0.0,0.0,0.0
617,коллега,0.0,0.0,0.0,0.0,0.0,0.0,0.0,0.0,0.0
618,колония,0.0,0.0,0.0,0.0,0.0,0.0,0.0,0.0,0.0
619,колонка,121.0,59241.0,352.0,3.0,0.0,0.0,0.0,0.0,1.0
620,колумбии,105.0,31354.0,98.0,2.0,0.0,1.0,0.0,0.0,0.0
621,колумбу,130.0,27626.0,96.0,6.0,1.0,0.0,0.0,0.0,0.0
622,кольцо,0.0,0.0,0.0,0.0,0.0,0.0,0.0,0.0,0.0
623,комиссия,0.0,0.0,0.0,0.0,0.0,0.0,0.0,0.0,0.0
624,коммуналка,9.0,3834.0,3.0,1.0,0.0,0.0,1.0,0.0,0.0
625,коммунарка,0.0,0.0,0.0,0.0,0.0,0.0,0.0,0.0,0.0
626,коммуникация,0.0,0.0,0.0,0.0,0.0,0.0,0.0,0.0,0.0
627,комната,0.0,0.0,0.0,0.0,0.0,0.0,0.0,0.0,0.0
628,компания,68.0,50068.0,31.0,5.0,1.0,1.0,0.0,0.0,0.0
629,компьютерный,0.0,0.0,0.0,0.0,0.0,0.0,0.0,0.0,0.0
630,комсомольск,0.0,0.0,0.0,0.0,0.0,0.0,0.0,0.0,0.0
631,кому,172.0,61492.0,36.0,6.0,0.0,2.0,0.0,0.0,0.0
632,кон,0.0,0.0,0.0,0.0,0.0,0.0,0.0,0.0,0.0
633,конгрессмен,0.0,0.0,0.0,0.0,0.0,0.0,0.0,0.0,0.0
634,конец,48.0,24676.0,47.0,5.0,0.0,0.0,0.0,0.0,1.0
635,конкурент,0.0,0.0,0.0,0.0,0.0,0.0,0.0,0.0,0.0
636,коновалову,136.0,31147.0,52.0,7.0,0.0,1.0,0.0,0.0,0.0
637,константин,0.0,0.0,0.0,0.0,0.0,0.0,0.0,0.0,0.0
638,конституционный,131.0,60965.0,83.0,7.0,1.0,1.0,0.0,0.0,0.0
639,конституцию,445.0,122313.0,629.0,29.0,0.0,3.0,0.0,1.0,0.0
640,конституция,0.0,0.0,0.0,0.0,0.0,0.0,0.0,0.0,0.0
641,консульство,108.0,37652.0,99.0,0.0,0.0,1.0,0.0,0.0,0.0
642,контакт,0.0,0.0,0.0,0.0,0.0,0.0,0.0,0.0,0.0
643,контракт,150.0,22863.0,22.0,6.0,1.0,0.0,0.0,0.0,0.0
644,контрафакт,0.0,0.0,0.0,0.0,0.0,0.0,0.0,0.0,0.0
645,контролировать,43.0,20229.0,21.0,0.0,1.0,0.0,0.0,0.0,0.0
646,контрольный,0.0,0.0,0.0,0.0,0.0,0.0,0.0,0.0,0.0
647,конфликт,77.0,20437.0,10.0,5.0,1.0,0.0,0.0,0.0,0.0
648,концерт,0.0,0.0,0.0,0.0,0.0,0.0,0.0,0.0,0.0
649,концлагерь,0.0,0.0,0.0,0.0,0.0,0.0,0.0,0.0,0.0
650,корабль,105.0,31354.0,98.0,2.0,0.0,1.0,0.0,0.0,0.0
651,корея,0.0,0.0,0.0,0.0,0.0,0.0,0.0,0.0,0.0
652,коронавирус,183.0,117205.0,65.0,7.0,0.0,2.0,0.0,0.0,1.0
653,коронавируса,1339.0,343871.0,1423.0,101.0,1.0,4.0,0.0,2.0,2.0
654,коронавирусе,30.0,17306.0,0.0,1.0,1.0,0.0,0.0,0.0,0.0
655,коронавирусом,659.0,297628.0,578.0,39.0,0.0,4.0,1.0,2.0,3.0
656,коронакризис,0.0,0.0,0.0,0.0,0.0,0.0,0.0,0.0,0.0
657,короткий,0.0,0.0,0.0,0.0,0.0,0.0,0.0,0.0,0.0
658,космический,0.0,0.0,0.0,0.0,0.0,0.0,0.0,0.0,0.0
659,космодром,181.0,55712.0,65.0,5.0,1.0,1.0,0.0,0.0,0.0
660,космонавт,0.0,0.0,0.0,0.0,0.0,0.0,0.0,0.0,0.0
661,который,996.0,119688.0,530.0,46.0,1.0,2.0,0.0,0.0,0.0
662,коты,30.0,16162.0,21.0,2.0,1.0,0.0,0.0,0.0,0.0
663,кошка,0.0,0.0,0.0,0.0,0.0,0.0,0.0,0.0,0.0
664,кпрф,194.0,37826.0,42.0,9.0,0.0,1.0,0.0,0.0,0.0
665,край,0.0,0.0,0.0,0.0,0.0,0.0,0.0,0.0,0.0
666,красноярский,0.0,0.0,0.0,0.0,0.0,0.0,0.0,0.0,0.0
667,красный,0.0,0.0,0.0,0.0,0.0,0.0,0.0,0.0,0.0
668,краткий,0.0,0.0,0.0,0.0,0.0,0.0,0.0,0.0,0.0
669,кредит,0.0,0.0,0.0,0.0,0.0,0.0,0.0,0.0,0.0
670,кремль,0.0,0.0,0.0,0.0,0.0,0.0,0.0,0.0,0.0
671,кризис,0.0,0.0,0.0,0.0,0.0,0.0,0.0,0.0,0.0
672,криминальной,91.0,37694.0,22.0,8.0,0.0,0.0,0.0,0.0,1.0
673,криптовалюта,0.0,0.0,0.0,0.0,0.0,0.0,0.0,0.0,0.0
674,критиковать,0.0,0.0,0.0,0.0,0.0,0.0,0.0,0.0,0.0
675,кровать,0.0,0.0,0.0,0.0,0.0,0.0,0.0,0.0,0.0
676,кровь,0.0,0.0,0.0,0.0,0.0,0.0,0.0,0.0,0.0
677,крупный,0.0,0.0,0.0,0.0,0.0,0.0,0.0,0.0,0.0
678,крым,159.0,52589.0,34.0,6.0,0.0,0.0,0.0,0.0,1.0
679,крючком,89.0,23811.0,50.0,3.0,1.0,0.0,0.0,0.0,0.0
680,кс,49.0,15403.0,98.0,1.0,0.0,0.0,0.0,1.0,0.0
681,кто,3.0,3240.0,0.0,0.0,0.0,0.0,1.0,0.0,0.0
682,кукла,0.0,0.0,0.0,0.0,0.0,0.0,0.0,0.0,0.0
683,купить,108.0,37652.0,99.0,0.0,0.0,1.0,0.0,0.0,0.0
684,курс,129.0,69826.0,177.0,9.0,0.0,1.0,0.0,0.0,1.0
685,курьерский,0.0,0.0,0.0,0.0,0.0,0.0,0.0,0.0,0.0
686,кэрри,183.0,32437.0,27.0,1.0,1.0,0.0,0.0,0.0,0.0
687,лайк,0.0,0.0,0.0,0.0,0.0,0.0,0.0,0.0,0.0
688,лапыгин,0.0,0.0,0.0,0.0,0.0,0.0,0.0,0.0,0.0
689,лапыгинуть,0.0,0.0,0.0,0.0,0.0,0.0,0.0,0.0,0.0
690,латвия,0.0,0.0,0.0,0.0,0.0,0.0,0.0,0.0,0.0
691,латышский,49.0,15403.0,98.0,1.0,0.0,0.0,0.0,1.0,0.0
692,лгать,0.0,0.0,0.0,0.0,0.0,0.0,0.0,0.0,0.0
693,лгбт,122.0,37335.0,75.0,6.0,0.0,1.0,0.0,0.0,0.0
694,левада,80.0,18896.0,61.0,1.0,1.0,0.0,0.0,0.0,0.0
695,леди,72.0,19960.0,15.0,0.0,1.0,0.0,0.0,0.0,0.0
696,лекарство,0.0,0.0,0.0,0.0,0.0,0.0,0.0,0.0,0.0
697,ленинграда,70.0,22084.0,3.0,4.0,1.0,0.0,0.0,0.0,0.0
698,ленобласти,115.0,21751.0,19.0,1.0,1.0,0.0,0.0,0.0,0.0
699,леонид,131.0,20797.0,11.0,1.0,1.0,0.0,0.0,0.0,0.0
700,лет,1175.0,194823.0,685.0,43.0,2.0,4.0,0.0,1.0,0.0
701,летать,6.0,2746.0,1.0,1.0,0.0,0.0,1.0,0.0,0.0
702,летний,379.0,84527.0,115.0,7.0,1.0,1.0,0.0,1.0,0.0
703,лечить,110.0,39520.0,34.0,4.0,0.0,1.0,0.0,0.0,0.0
704,лидер,78.0,28824.0,51.0,1.0,0.0,1.0,0.0,0.0,0.0
705,лист,23.0,17009.0,2.0,3.0,0.0,0.0,0.0,1.0,0.0
706,листовка,0.0,0.0,0.0,0.0,0.0,0.0,0.0,0.0,0.0
707,лиц,628.0,133626.0,162.0,23.0,2.0,2.0,0.0,1.0,0.0
708,лицо,0.0,0.0,0.0,0.0,0.0,0.0,0.0,0.0,0.0
709,лично,92.0,23022.0,22.0,5.0,1.0,0.0,0.0,0.0,0.0
710,личность,0.0,0.0,0.0,0.0,0.0,0.0,0.0,0.0,0.0
711,лишение,0.0,0.0,0.0,0.0,0.0,0.0,0.0,0.0,0.0
712,лишень,0.0,0.0,0.0,0.0,0.0,0.0,0.0,0.0,0.0
713,лишить,0.0,0.0,0.0,0.0,0.0,0.0,0.0,0.0,0.0
714,ломающего,92.0,18203.0,10.0,3.0,1.0,0.0,0.0,0.0,0.0
715,лубрикант,0.0,0.0,0.0,0.0,0.0,0.0,0.0,0.0,0.0
716,луны,112.0,30743.0,24.0,5.0,0.0,1.0,0.0,0.0,0.0
717,льгота,0.0,0.0,0.0,0.0,0.0,0.0,0.0,0.0,0.0
718,льготный,0.0,0.0,0.0,0.0,0.0,0.0,0.0,0.0,0.0
719,лёгкий,0.0,0.0,0.0,0.0,0.0,0.0,0.0,0.0,0.0
720,магазин,91.0,29026.0,71.0,0.0,0.0,1.0,0.0,0.0,0.0
721,мазуров,0.0,0.0,0.0,0.0,0.0,0.0,0.0,0.0,0.0
722,май,126.0,39573.0,63.0,5.0,0.0,1.0,0.0,0.0,0.0
723,майк,105.0,31354.0,98.0,2.0,0.0,1.0,0.0,0.0,0.0
724,майор,0.0,0.0,0.0,0.0,0.0,0.0,0.0,0.0,0.0
725,максим,72.0,21776.0,123.0,1.0,1.0,0.0,0.0,0.0,0.0
726,маленький,0.0,0.0,0.0,0.0,0.0,0.0,0.0,0.0,0.0
727,мальчик,215.0,41994.0,39.0,2.0,0.0,1.0,0.0,0.0,0.0
728,мамут,0.0,0.0,0.0,0.0,0.0,0.0,0.0,0.0,0.0
729,манас,290.0,43853.0,79.0,10.0,0.0,1.0,0.0,0.0,0.0
730,мандат,78.0,28824.0,51.0,1.0,0.0,1.0,0.0,0.0,0.0
731,манёвр,0.0,0.0,0.0,0.0,0.0,0.0,0.0,0.0,0.0
732,маркетплейс,37.0,15381.0,28.0,0.0,1.0,0.0,0.0,0.0,0.0
733,маркировать,31.0,21391.0,27.0,1.0,1.0,0.0,0.0,0.0,0.0
734,маск,68.0,22873.0,68.0,4.0,0.0,0.0,0.0,1.0,0.0
735,маска,0.0,0.0,0.0,0.0,0.0,0.0,0.0,0.0,0.0
736,маски,136.0,60331.0,40.0,9.0,1.0,1.0,0.0,0.0,0.0
737,маску,229.0,61547.0,47.0,6.0,1.0,1.0,0.0,0.0,0.0
738,масочный,181.0,71498.0,258.0,9.0,0.0,1.0,0.0,0.0,0.0
739,массимино,105.0,31354.0,98.0,2.0,0.0,1.0,0.0,0.0,0.0
740,массовки,33.0,15228.0,11.0,0.0,1.0,0.0,0.0,0.0,0.0
741,массовый,0.0,0.0,0.0,0.0,0.0,0.0,0.0,0.0,0.0
742,матрица,19.0,5531.0,2.0,2.0,0.0,0.0,0.0,1.0,0.0
743,махровый,0.0,0.0,0.0,0.0,0.0,0.0,0.0,0.0,0.0
744,машина,0.0,0.0,0.0,0.0,0.0,0.0,0.0,0.0,0.0
745,мвд,34.0,16970.0,59.0,1.0,0.0,0.0,0.0,1.0,0.0
746,медик,0.0,0.0,0.0,0.0,0.0,0.0,0.0,0.0,0.0
747,медуза,241.0,50907.0,53.0,11.0,2.0,0.0,0.0,0.0,0.0
748,медузу,518.0,75202.0,84.0,6.0,0.0,2.0,0.0,0.0,0.0
749,медузы,398.0,125136.0,176.0,23.0,0.0,3.0,0.0,0.0,0.0
750,международный,0.0,0.0,0.0,0.0,0.0,0.0,0.0,0.0,0.0
751,мема,79.0,17349.0,26.0,2.0,1.0,0.0,0.0,0.0,0.0
752,менеджер,0.0,0.0,0.0,0.0,0.0,0.0,0.0,0.0,0.0
753,менить,0.0,0.0,0.0,0.0,0.0,0.0,0.0,0.0,0.0
754,менять,0.0,0.0,0.0,0.0,0.0,0.0,0.0,0.0,0.0
755,мера,0.0,0.0,0.0,0.0,0.0,0.0,0.0,0.0,0.0
756,местный,0.0,0.0,0.0,0.0,0.0,0.0,0.0,0.0,0.0
757,место,137.0,47213.0,47.0,3.0,0.0,1.0,0.0,0.0,0.0
758,месяц,100.0,36712.0,12.0,2.0,0.0,1.0,0.0,0.0,0.0
759,методика,0.0,0.0,0.0,0.0,0.0,0.0,0.0,0.0,0.0
760,метро,23.0,16431.0,25.0,0.0,0.0,0.0,0.0,1.0,0.0
761,мид,66.0,35364.0,71.0,5.0,0.0,0.0,0.0,0.0,1.0
762,микрофинансы,3.0,2753.0,0.0,0.0,0.0,0.0,1.0,0.0,0.0
763,миллиард,0.0,0.0,0.0,0.0,0.0,0.0,0.0,0.0,0.0
764,миллион,68.0,24175.0,132.0,19.0,0.0,0.0,0.0,1.0,0.0
765,минздрав,17.0,19737.0,16.0,2.0,0.0,0.0,0.0,0.0,1.0
766,министр,0.0,0.0,0.0,0.0,0.0,0.0,0.0,0.0,0.0
767,минкульт,99.0,51774.0,44.0,8.0,0.0,1.0,0.0,1.0,0.0
768,минстрой,70.0,22078.0,46.0,9.0,0.0,0.0,0.0,1.0,0.0
769,минэкономики,43.0,20229.0,21.0,0.0,1.0,0.0,0.0,0.0,0.0
770,минюст,0.0,0.0,0.0,0.0,0.0,0.0,0.0,0.0,0.0
771,мир,0.0,0.0,0.0,0.0,0.0,0.0,0.0,0.0,0.0
772,мировой,0.0,0.0,0.0,0.0,0.0,0.0,0.0,0.0,0.0
773,митинг,110.0,39520.0,34.0,4.0,0.0,1.0,0.0,0.0,0.0
774,митинги,131.0,60965.0,83.0,7.0,1.0,1.0,0.0,0.0,0.0
775,митчелла,0.0,0.0,0.0,0.0,0.0,0.0,0.0,0.0,0.0
776,митя,109.0,23166.0,24.0,1.0,1.0,0.0,0.0,0.0,0.0
777,михаил,0.0,0.0,0.0,0.0,0.0,0.0,0.0,0.0,0.0
778,мкс,62.0,46670.0,22.0,1.0,0.0,0.0,0.0,0.0,1.0
779,многие,57.0,36496.0,37.0,3.0,0.0,1.0,0.0,0.0,0.0
780,многоэтажками,148.0,23232.0,1.0,9.0,1.0,0.0,0.0,0.0,0.0
781,мобильный,0.0,0.0,0.0,0.0,0.0,0.0,0.0,0.0,0.0
782,модуль,62.0,46670.0,22.0,1.0,0.0,0.0,0.0,0.0,1.0
783,может,196.0,77607.0,232.0,16.0,0.0,1.0,0.0,0.0,1.0
784,можно,283.0,74629.0,86.0,15.0,0.0,2.0,0.0,0.0,0.0
785,момент,74.0,27060.0,119.0,3.0,0.0,0.0,0.0,1.0,0.0
786,монета,0.0,0.0,0.0,0.0,0.0,0.0,0.0,0.0,0.0
787,мониторинг,25.0,21242.0,6.0,1.0,1.0,0.0,0.0,0.0,0.0
788,монолог,220.0,42391.0,51.0,16.0,0.0,1.0,0.0,0.0,0.0
789,монумент,130.0,27626.0,96.0,6.0,1.0,0.0,0.0,0.0,0.0
790,мор,0.0,0.0,0.0,0.0,0.0,0.0,0.0,0.0,0.0
791,моргенштерн,518.0,141342.0,224.0,9.0,1.0,2.0,0.0,0.0,0.0
792,морской,206.0,75010.0,108.0,6.0,1.0,1.0,0.0,1.0,0.0
793,мосгордума,0.0,0.0,0.0,0.0,0.0,0.0,0.0,0.0,0.0
794,москва,137.0,47213.0,47.0,3.0,0.0,1.0,0.0,0.0,0.0
795,москвич,0.0,0.0,0.0,0.0,0.0,0.0,0.0,0.0,0.0
796,москвичу,598.0,45091.0,165.0,28.0,0.0,1.0,0.0,0.0,0.0
797,москвы,553.0,226625.0,541.0,46.0,1.0,3.0,1.0,4.0,0.0
798,московский,0.0,0.0,0.0,0.0,0.0,0.0,0.0,0.0,0.0
799,мосс,183.0,32437.0,27.0,1.0,1.0,0.0,0.0,0.0,0.0
800,мочь,0.0,0.0,0.0,0.0,0.0,0.0,0.0,0.0,0.0
801,мошенник,0.0,0.0,0.0,0.0,0.0,0.0,0.0,0.0,0.0
802,мтс,204.0,37922.0,79.0,5.0,1.0,0.0,0.0,0.0,0.0
803,мть,0.0,0.0,0.0,0.0,0.0,0.0,0.0,0.0,0.0
804,мужчине,345.0,30909.0,93.0,15.0,1.0,0.0,0.0,0.0,0.0
805,муза,0.0,0.0,0.0,0.0,0.0,0.0,0.0,0.0,0.0
806,музей,0.0,0.0,0.0,0.0,0.0,0.0,0.0,0.0,0.0
807,музейный,0.0,0.0,0.0,0.0,0.0,0.0,0.0,0.0,0.0
808,музыка,107.0,35968.0,43.0,0.0,2.0,0.0,0.0,0.0,0.0
809,музыкант,0.0,0.0,0.0,0.0,0.0,0.0,0.0,0.0,0.0
810,мурашко,14.0,13236.0,23.0,0.0,0.0,0.0,0.0,1.0,0.0
811,мурманский,0.0,0.0,0.0,0.0,0.0,0.0,0.0,0.0,0.0
812,мчс,153.0,52750.0,54.0,11.0,0.0,0.0,0.0,0.0,1.0
813,мы,705.0,150853.0,169.0,26.0,0.0,4.0,0.0,0.0,0.0
814,мэр,90.0,36243.0,57.0,4.0,0.0,1.0,0.0,0.0,0.0
815,мэрия,243.0,83124.0,226.0,24.0,1.0,1.0,0.0,1.0,0.0
816,на,10940.0,2847175.0,4716.0,369.0,61.0,24.0,9.0,8.0,8.0
817,набирать,0.0,0.0,0.0,0.0,0.0,0.0,0.0,0.0,0.0
818,наблюдать,35.0,3196.0,0.0,4.0,0.0,0.0,1.0,0.0,0.0
819,наблюдение,0.0,0.0,0.0,0.0,0.0,0.0,0.0,0.0,0.0
820,навального,52.0,17740.0,6.0,1.0,1.0,0.0,0.0,0.0,0.0
821,навальному,133.0,32407.0,65.0,4.0,0.0,1.0,0.0,0.0,0.0
822,навальный,80.0,18896.0,61.0,1.0,1.0,0.0,0.0,0.0,0.0
823,навальным,194.0,37826.0,42.0,9.0,0.0,1.0,0.0,0.0,0.0
824,надо,0.0,0.0,0.0,0.0,0.0,0.0,0.0,0.0,0.0
825,назад,221.0,65151.0,70.0,11.0,0.0,2.0,0.0,0.0,0.0
826,назвать,0.0,0.0,0.0,0.0,0.0,0.0,0.0,0.0,0.0
827,назначение,0.0,0.0,0.0,0.0,0.0,0.0,0.0,0.0,0.0
828,назначить,35.0,25820.0,11.0,1.0,0.0,1.0,0.0,0.0,0.0
829,наиболее,80.0,18896.0,61.0,1.0,1.0,0.0,0.0,0.0,0.0
830,найти,0.0,0.0,0.0,0.0,0.0,0.0,0.0,0.0,0.0
831,найтись,0.0,0.0,0.0,0.0,0.0,0.0,0.0,0.0,0.0
832,накрутка,0.0,0.0,0.0,0.0,0.0,0.0,0.0,0.0,0.0
833,наливкин,0.0,0.0,0.0,0.0,0.0,0.0,0.0,0.0,0.0
834,налоговый,34.0,19403.0,42.0,4.0,0.0,0.0,0.0,1.0,0.0
835,нам,150.0,26328.0,13.0,3.0,1.0,0.0,0.0,1.0,0.0
836,намедни,131.0,20797.0,11.0,1.0,1.0,0.0,0.0,0.0,0.0
837,направление,0.0,0.0,0.0,0.0,0.0,0.0,0.0,0.0,0.0
838,нарастить,0.0,0.0,0.0,0.0,0.0,0.0,0.0,0.0,0.0
839,нарисовать,0.0,0.0,0.0,0.0,0.0,0.0,0.0,0.0,0.0
840,наркополицейский,0.0,0.0,0.0,0.0,0.0,0.0,0.0,0.0,0.0
841,наркотик,0.0,0.0,0.0,0.0,0.0,0.0,0.0,0.0,0.0
842,наркотический,0.0,0.0,0.0,0.0,0.0,0.0,0.0,0.0,0.0
843,народной,121.0,28439.0,58.0,9.0,0.0,1.0,0.0,0.0,0.0
844,нарушение,72.0,41360.0,32.0,5.0,0.0,0.0,0.0,0.0,1.0
845,настоящая,161.0,39986.0,42.0,4.0,0.0,1.0,0.0,0.0,0.0
846,наступление,0.0,0.0,0.0,0.0,0.0,0.0,0.0,0.0,0.0
847,наука,67.0,20123.0,11.0,1.0,1.0,0.0,0.0,0.0,0.0
848,начало,0.0,0.0,0.0,0.0,0.0,0.0,0.0,0.0,0.0
849,начать,0.0,0.0,0.0,0.0,0.0,0.0,0.0,0.0,0.0
850,начаться,90.0,38004.0,194.0,9.0,0.0,0.0,0.0,0.0,1.0
851,начинать,0.0,0.0,0.0,0.0,0.0,0.0,0.0,0.0,0.0
852,наш,0.0,0.0,0.0,0.0,0.0,0.0,0.0,0.0,0.0
853,нашествие,1.0,2785.0,4.0,0.0,0.0,0.0,1.0,0.0,0.0
854,небольшие,35.0,16008.0,28.0,0.0,1.0,0.0,0.0,0.0,0.0
855,недвижимость,437.0,37709.0,45.0,14.0,0.0,1.0,0.0,0.0,0.0
856,неделя,0.0,0.0,0.0,0.0,0.0,0.0,0.0,0.0,0.0
857,недорого,6.0,2459.0,0.0,2.0,0.0,0.0,1.0,0.0,0.0
858,независимость,0.0,0.0,0.0,0.0,0.0,0.0,0.0,0.0,0.0
859,независимый,37.0,15381.0,28.0,0.0,1.0,0.0,0.0,0.0,0.0
860,незаконный,0.0,0.0,0.0,0.0,0.0,0.0,0.0,0.0,0.0
861,неизвестный,0.0,0.0,0.0,0.0,0.0,0.0,0.0,0.0,0.0
862,немецкий,0.0,0.0,0.0,0.0,0.0,0.0,0.0,0.0,0.0
863,ненастоящий,0.0,0.0,0.0,0.0,0.0,0.0,0.0,0.0,0.0
864,необычна,758.0,125498.0,938.0,59.0,0.0,1.0,0.0,0.0,0.0
865,необычной,214.0,32180.0,44.0,11.0,1.0,0.0,1.0,0.0,0.0
866,необычный,0.0,0.0,0.0,0.0,0.0,0.0,0.0,0.0,0.0
867,неопределённость,58.0,22376.0,29.0,2.0,1.0,0.0,0.0,0.0,0.0
868,неправильный,0.0,0.0,0.0,0.0,0.0,0.0,0.0,0.0,0.0
869,непредсказуемый,0.0,0.0,0.0,0.0,0.0,0.0,0.0,0.0,0.0
870,нерадивый,0.0,0.0,0.0,0.0,0.0,0.0,0.0,0.0,0.0
871,неразборчиво,137.0,53494.0,85.0,2.0,0.0,1.0,0.0,0.0,0.0
872,несколько,0.0,0.0,0.0,0.0,0.0,0.0,0.0,0.0,0.0
873,нет,565.0,184420.0,284.0,25.0,2.0,4.0,0.0,0.0,0.0
874,неуставной,0.0,0.0,0.0,0.0,0.0,0.0,0.0,0.0,0.0
875,нефть,0.0,0.0,0.0,0.0,0.0,0.0,0.0,0.0,0.0
876,неэтичность,0.0,0.0,0.0,0.0,0.0,0.0,0.0,0.0,0.0
877,низкий,0.0,0.0,0.0,0.0,0.0,0.0,0.0,0.0,0.0
878,никака,0.0,0.0,0.0,0.0,0.0,0.0,0.0,0.0,0.0
879,никогда,220.0,42391.0,51.0,16.0,0.0,1.0,0.0,0.0,0.0
880,николай,0.0,0.0,0.0,0.0,0.0,0.0,0.0,0.0,0.0
881,ницца,0.0,0.0,0.0,0.0,0.0,0.0,0.0,0.0,0.0
882,ничто,0.0,0.0,0.0,0.0,0.0,0.0,0.0,0.0,0.0
883,новое,72.0,19960.0,15.0,0.0,1.0,0.0,0.0,0.0,0.0
884,новосибирский,0.0,0.0,0.0,0.0,0.0,0.0,0.0,0.0,0.0
885,новости,3195.0,950984.0,1529.0,85.0,38.0,1.0,0.0,3.0,0.0
886,новость,118.0,31287.0,10.0,3.0,0.0,1.0,0.0,0.0,0.0
887,новый,76.0,42056.0,100.0,7.0,0.0,0.0,0.0,2.0,0.0
888,нога,0.0,0.0,0.0,0.0,0.0,0.0,0.0,0.0,0.0
889,номер,5.0,3463.0,1.0,0.0,0.0,0.0,1.0,0.0,0.0
890,норильск,0.0,0.0,0.0,0.0,0.0,0.0,0.0,0.0,0.0
891,норильский,0.0,0.0,0.0,0.0,0.0,0.0,0.0,0.0,0.0
892,нормальный,0.0,0.0,0.0,0.0,0.0,0.0,0.0,0.0,0.0
893,норникель,46.0,17376.0,29.0,1.0,0.0,0.0,0.0,1.0,0.0
894,норникеля,129.0,63375.0,67.0,5.0,1.0,1.0,0.0,1.0,0.0
895,носить,0.0,0.0,0.0,0.0,0.0,0.0,0.0,0.0,0.0
896,ночь,17.0,18040.0,43.0,0.0,0.0,0.0,0.0,1.0,0.0
897,нрзб,137.0,53494.0,85.0,2.0,0.0,1.0,0.0,0.0,0.0
898,нуль,0.0,0.0,0.0,0.0,0.0,0.0,0.0,0.0,0.0
899,оао,5.0,2712.0,0.0,1.0,0.0,0.0,1.0,0.0,0.0
900,обвариться,0.0,0.0,0.0,0.0,0.0,0.0,0.0,0.0,0.0
901,обвинение,183.0,52564.0,164.0,6.0,0.0,0.0,1.0,0.0,1.0
902,обвинить,0.0,0.0,0.0,0.0,0.0,0.0,0.0,0.0,0.0
903,обвинять,0.0,0.0,0.0,0.0,0.0,0.0,0.0,0.0,0.0
904,обезглавили,130.0,27626.0,96.0,6.0,1.0,0.0,0.0,0.0,0.0
905,обещание,0.0,0.0,0.0,0.0,0.0,0.0,0.0,0.0,0.0
906,обидно,194.0,37826.0,42.0,9.0,0.0,1.0,0.0,0.0,0.0
907,область,150.0,22863.0,22.0,6.0,1.0,0.0,0.0,0.0,0.0
908,обман,0.0,0.0,0.0,0.0,0.0,0.0,0.0,0.0,0.0
909,обналичивание,0.0,0.0,0.0,0.0,0.0,0.0,0.0,0.0,0.0
910,обнаружить,0.0,0.0,0.0,0.0,0.0,0.0,0.0,0.0,0.0
911,обнулении,513.0,70508.0,61.0,32.0,1.0,1.0,0.0,0.0,0.0
912,оборот,43.0,20229.0,21.0,0.0,1.0,0.0,0.0,0.0,0.0
913,оборудование,215.0,41994.0,39.0,2.0,0.0,1.0,0.0,0.0,0.0
914,обсуждать,0.0,0.0,0.0,0.0,0.0,0.0,0.0,0.0,0.0
915,обсуждение,0.0,0.0,0.0,0.0,0.0,0.0,0.0,0.0,0.0
916,общественный,0.0,0.0,0.0,0.0,0.0,0.0,0.0,0.0,0.0
917,общий,0.0,0.0,0.0,0.0,0.0,0.0,0.0,0.0,0.0
918,объявить,0.0,0.0,0.0,0.0,0.0,0.0,0.0,0.0,0.0
919,объяснил,602.0,147134.0,258.0,21.0,2.0,2.0,0.0,0.0,0.0
920,объяснить,142.0,59358.0,159.0,8.0,0.0,0.0,0.0,0.0,1.0
921,обыск,43.0,39279.0,16.0,1.0,0.0,1.0,0.0,0.0,0.0
922,обычно,99.0,39766.0,56.0,5.0,0.0,1.0,0.0,0.0,0.0
923,обычный,0.0,0.0,0.0,0.0,0.0,0.0,0.0,0.0,0.0
924,овд,116.0,36797.0,24.0,2.0,0.0,1.0,0.0,0.0,0.0
925,огласка,0.0,0.0,0.0,0.0,0.0,0.0,0.0,0.0,0.0
926,ограничение,0.0,0.0,0.0,0.0,0.0,0.0,0.0,0.0,0.0
927,один,534.0,137242.0,227.0,30.0,2.0,1.0,0.0,0.0,1.0
928,одноимённый,0.0,0.0,0.0,0.0,0.0,0.0,0.0,0.0,0.0
929,озадачить,0.0,0.0,0.0,0.0,0.0,0.0,0.0,0.0,0.0
930,озеро,0.0,0.0,0.0,0.0,0.0,0.0,0.0,0.0,0.0
931,океан,0.0,0.0,0.0,0.0,0.0,0.0,0.0,0.0,0.0
932,окно,0.0,0.0,0.0,0.0,0.0,0.0,0.0,0.0,0.0
933,окруже,30.0,16162.0,21.0,2.0,1.0,0.0,0.0,0.0,0.0
934,окружный,0.0,0.0,0.0,0.0,0.0,0.0,0.0,0.0,0.0
935,оксана,0.0,0.0,0.0,0.0,0.0,0.0,0.0,0.0,0.0
936,олег,248.0,33534.0,24.0,2.0,0.0,1.0,0.0,0.0,0.0
937,он,308.0,116295.0,104.0,4.0,1.0,3.0,0.0,0.0,0.0
938,она,896.0,194000.0,411.0,30.0,3.0,3.0,0.0,0.0,0.0
939,они,0.0,0.0,0.0,0.0,0.0,0.0,0.0,0.0,0.0
940,онлайн,469.0,105503.0,55.0,28.0,1.0,2.0,0.0,1.0,0.0
941,опасные,127.0,32791.0,122.0,7.0,0.0,1.0,0.0,0.0,0.0
942,оператор,159.0,52589.0,34.0,6.0,0.0,0.0,0.0,0.0,1.0
943,оплата,0.0,0.0,0.0,0.0,0.0,0.0,0.0,0.0,0.0
944,оправдание,0.0,0.0,0.0,0.0,0.0,0.0,0.0,0.0,0.0
945,оправиться,0.0,0.0,0.0,0.0,0.0,0.0,0.0,0.0,0.0
946,определение,62.0,33382.0,91.0,1.0,0.0,1.0,0.0,0.0,0.0
947,определять,0.0,0.0,0.0,0.0,0.0,0.0,0.0,0.0,0.0
948,опрос,0.0,0.0,0.0,0.0,0.0,0.0,0.0,0.0,0.0
949,оптический,0.0,0.0,0.0,0.0,0.0,0.0,0.0,0.0,0.0
950,опубликовать,0.0,0.0,0.0,0.0,0.0,0.0,0.0,0.0,0.0
951,опуститься,0.0,0.0,0.0,0.0,0.0,0.0,0.0,0.0,0.0
952,опьянение,0.0,0.0,0.0,0.0,0.0,0.0,0.0,0.0,0.0
953,организовать,47.0,11456.0,53.0,1.0,0.0,0.0,0.0,0.0,1.0
954,органы,100.0,20576.0,3.0,6.0,1.0,0.0,0.0,0.0,0.0
955,освещать,0.0,0.0,0.0,0.0,0.0,0.0,0.0,0.0,0.0
956,освободить,0.0,0.0,0.0,0.0,0.0,0.0,0.0,0.0,0.0
957,основное,0.0,0.0,0.0,0.0,0.0,0.0,0.0,0.0,0.0
958,особенно,253.0,44669.0,20.0,8.0,0.0,1.0,0.0,0.0,0.0
959,оставаться,0.0,0.0,0.0,0.0,0.0,0.0,0.0,0.0,0.0
960,оставить,0.0,0.0,0.0,0.0,0.0,0.0,0.0,0.0,0.0
961,оставлять,0.0,0.0,0.0,0.0,0.0,0.0,0.0,0.0,0.0
962,остаться,6.0,3394.0,3.0,1.0,0.0,0.0,1.0,0.0,0.0
963,осудить,0.0,0.0,0.0,0.0,0.0,0.0,0.0,0.0,0.0
964,отверг,94.0,24145.0,32.0,2.0,1.0,0.0,0.0,0.0,0.0
965,отвести,66.0,35364.0,71.0,5.0,0.0,0.0,0.0,0.0,1.0
966,ответ,77.0,23039.0,27.0,3.0,1.0,0.0,0.0,0.0,0.0
967,отвечать,0.0,0.0,0.0,0.0,0.0,0.0,0.0,0.0,0.0
968,отдавать,0.0,0.0,0.0,0.0,0.0,0.0,0.0,0.0,0.0
969,отказ,101.0,54083.0,157.0,4.0,0.0,1.0,0.0,1.0,0.0
970,отказать,0.0,0.0,0.0,0.0,0.0,0.0,0.0,0.0,0.0
971,отказаться,99.0,44800.0,28.0,5.0,1.0,1.0,0.0,0.0,0.0
972,отказываться,0.0,0.0,0.0,0.0,0.0,0.0,0.0,0.0,0.0
973,отключить,0.0,0.0,0.0,0.0,0.0,0.0,0.0,0.0,0.0
974,открывать,43.0,19442.0,21.0,3.0,0.0,0.0,0.0,1.0,0.0
975,открытие,0.0,0.0,0.0,0.0,0.0,0.0,0.0,0.0,0.0
976,открытый,0.0,0.0,0.0,0.0,0.0,0.0,0.0,0.0,0.0
977,открыть,70.0,33485.0,30.0,4.0,0.0,1.0,0.0,0.0,0.0
978,открыться,0.0,0.0,0.0,0.0,0.0,0.0,0.0,0.0,0.0
979,отличный,105.0,31354.0,98.0,2.0,0.0,1.0,0.0,0.0,0.0
980,отмена,0.0,0.0,0.0,0.0,0.0,0.0,0.0,0.0,0.0
981,отменить,224.0,42875.0,79.0,4.0,0.0,1.0,0.0,0.0,0.0
982,отменять,151.0,32122.0,57.0,17.0,0.0,1.0,0.0,0.0,0.0
983,отметка,0.0,0.0,0.0,0.0,0.0,0.0,0.0,0.0,0.0
984,отношение,0.0,0.0,0.0,0.0,0.0,0.0,0.0,0.0,0.0
985,отобрать,20.0,18763.0,20.0,0.0,0.0,0.0,0.0,1.0,0.0
986,отправить,0.0,0.0,0.0,0.0,0.0,0.0,0.0,0.0,0.0
987,отправиться,0.0,0.0,0.0,0.0,0.0,0.0,0.0,0.0,0.0
988,отправлять,0.0,0.0,0.0,0.0,0.0,0.0,0.0,0.0,0.0
989,отпустить,0.0,0.0,0.0,0.0,0.0,0.0,0.0,0.0,0.0
990,отражать,0.0,0.0,0.0,0.0,0.0,0.0,0.0,0.0,0.0
991,отрицать,0.0,0.0,0.0,0.0,0.0,0.0,0.0,0.0,0.0
992,отслеживание,0.0,0.0,0.0,0.0,0.0,0.0,0.0,0.0,0.0
993,отставной,67.0,34058.0,16.0,1.0,0.0,1.0,0.0,0.0,0.0
994,отсудить,0.0,0.0,0.0,0.0,0.0,0.0,0.0,0.0,0.0
995,отчитаться,0.0,0.0,0.0,0.0,0.0,0.0,0.0,0.0,0.0
996,офис,30.0,20728.0,2.0,2.0,1.0,0.0,0.0,0.0,0.0
997,офисы,15.0,13907.0,10.0,0.0,0.0,0.0,0.0,1.0,0.0
998,оформление,0.0,0.0,0.0,0.0,0.0,0.0,0.0,0.0,0.0
999,оценить,0.0,0.0,0.0,0.0,0.0,0.0,0.0,0.0,0.0
1000,очевидной,0.0,2433.0,0.0,0.0,0.0,0.0,1.0,0.0,0.0
1001,очень,345.0,69948.0,99.0,26.0,0.0,2.0,0.0,0.0,0.0
1002,ошибка,0.0,0.0,0.0,0.0,0.0,0.0,0.0,0.0,0.0
1003,оштрафовать,0.0,0.0,0.0,0.0,0.0,0.0,0.0,0.0,0.0
1004,оэср,154.0,55173.0,98.0,10.0,0.0,1.0,0.0,1.0,0.0
1005,паблик,70.0,22084.0,3.0,4.0,1.0,0.0,0.0,0.0,0.0
1006,падение,154.0,55173.0,98.0,10.0,0.0,1.0,0.0,1.0,0.0
1007,палата,0.0,2570.0,0.0,0.0,0.0,0.0,1.0,0.0,0.0
1008,пальма,0.0,0.0,0.0,0.0,0.0,0.0,0.0,0.0,0.0
1009,памятник,0.0,0.0,0.0,0.0,0.0,0.0,0.0,0.0,0.0
1010,памятниках,30.0,16162.0,21.0,2.0,1.0,0.0,0.0,0.0,0.0
1011,пандемия,58.0,22376.0,29.0,2.0,1.0,0.0,0.0,0.0,0.0
1012,парад,788.0,134319.0,476.0,28.0,0.0,1.0,0.0,1.0,1.0
1013,парк,0.0,0.0,0.0,0.0,0.0,0.0,0.0,0.0,0.0
1014,парка,135.0,30710.0,80.0,7.0,1.0,0.0,0.0,0.0,0.0
1015,парках,131.0,60965.0,83.0,7.0,1.0,1.0,0.0,0.0,0.0
1016,парковка,0.0,0.0,0.0,0.0,0.0,0.0,0.0,0.0,0.0
1017,парковый,0.0,0.0,0.0,0.0,0.0,0.0,0.0,0.0,0.0
1018,партия,169.0,55337.0,83.0,10.0,0.0,0.0,0.0,0.0,1.0
1019,парфёнов,131.0,20797.0,11.0,1.0,1.0,0.0,0.0,0.0,0.0
1020,патриот,0.0,0.0,0.0,0.0,0.0,0.0,0.0,0.0,0.0
1021,патруль,176.0,54367.0,131.0,9.0,0.0,0.0,0.0,0.0,1.0
1022,пациент,0.0,0.0,0.0,0.0,0.0,0.0,0.0,0.0,0.0
1023,пдд,106.0,55173.0,158.0,4.0,0.0,0.0,0.0,0.0,1.0
1024,певец,270.0,41668.0,60.0,4.0,0.0,1.0,0.0,0.0,0.0
1025,певица,0.0,0.0,0.0,0.0,0.0,0.0,0.0,0.0,0.0
1026,пензенский,5.0,2873.0,2.0,0.0,0.0,0.0,1.0,0.0,0.0
1027,пенсия,0.0,0.0,0.0,0.0,0.0,0.0,0.0,0.0,0.0
1028,перевод,49.0,15403.0,98.0,1.0,0.0,0.0,0.0,1.0,0.0
1029,переговоры,229.0,57220.0,122.0,6.0,1.0,0.0,0.0,1.0,0.0
1030,пережить,0.0,0.0,0.0,0.0,0.0,0.0,0.0,0.0,0.0
1031,перейти,0.0,0.0,0.0,0.0,0.0,0.0,0.0,0.0,0.0
1032,перенести,0.0,0.0,0.0,0.0,0.0,0.0,0.0,0.0,0.0
1033,переноситься,110.0,53264.0,45.0,7.0,0.0,0.0,0.0,0.0,1.0
1034,перепутать,0.0,0.0,0.0,0.0,0.0,0.0,0.0,0.0,0.0
1035,переход,0.0,0.0,0.0,0.0,0.0,0.0,0.0,0.0,0.0
1036,период,61.0,52576.0,43.0,8.0,0.0,0.0,0.0,0.0,1.0
1037,персонаж,0.0,0.0,0.0,0.0,0.0,0.0,0.0,0.0,0.0
1038,перчатка,0.0,0.0,0.0,0.0,0.0,0.0,0.0,0.0,0.0
1039,песком,253.0,44669.0,20.0,8.0,0.0,1.0,0.0,0.0,0.0
1040,песнь,0.0,0.0,0.0,0.0,0.0,0.0,0.0,0.0,0.0
1041,песня,302.0,65005.0,112.0,6.0,0.0,1.0,0.0,0.0,0.0
1042,песок,0.0,0.0,0.0,0.0,0.0,0.0,0.0,0.0,0.0
1043,петренко,57.0,27377.0,40.0,2.0,0.0,1.0,0.0,0.0,0.0
1044,пешеходов,49.0,16793.0,25.0,1.0,1.0,0.0,0.0,0.0,0.0
1045,пешком,57.0,36496.0,37.0,3.0,0.0,1.0,0.0,0.0,0.0
1046,пикет,0.0,0.0,0.0,0.0,0.0,0.0,0.0,0.0,0.0
1047,пиксель,148.0,23232.0,1.0,9.0,1.0,0.0,0.0,0.0,0.0
1048,пилот,105.0,31354.0,98.0,2.0,0.0,1.0,0.0,0.0,0.0
1049,писатель,68.0,20448.0,27.0,4.0,0.0,0.0,0.0,1.0,0.0
1050,пиф,0.0,0.0,0.0,0.0,0.0,0.0,0.0,0.0,0.0
1051,плавучий,181.0,55712.0,65.0,5.0,1.0,1.0,0.0,0.0,0.0
1052,плагиат,0.0,0.0,0.0,0.0,0.0,0.0,0.0,0.0,0.0
1053,плакат,0.0,0.0,0.0,0.0,0.0,0.0,0.0,0.0,0.0
1054,план,121.0,63793.0,77.0,4.0,0.0,1.0,0.0,0.0,1.0
1055,плохой,0.0,0.0,0.0,0.0,0.0,0.0,0.0,0.0,0.0
1056,площадка,0.0,0.0,0.0,0.0,0.0,0.0,0.0,0.0,0.0
1057,площадь,0.0,0.0,0.0,0.0,0.0,0.0,0.0,0.0,0.0
1058,пляж,253.0,44669.0,20.0,8.0,0.0,1.0,0.0,0.0,0.0
1059,по,3895.0,1212074.0,2182.0,162.0,7.0,16.0,2.0,6.0,9.0
1060,победа,0.0,0.0,0.0,0.0,0.0,0.0,0.0,0.0,0.0
1061,побить,0.0,0.0,0.0,0.0,0.0,0.0,0.0,0.0,0.0
1062,повышение,224.0,42875.0,79.0,4.0,0.0,1.0,0.0,0.0,0.0
1063,повышенный,0.0,0.0,0.0,0.0,0.0,0.0,0.0,0.0,0.0
1064,погиб,504.0,76417.0,365.0,27.0,1.0,1.0,0.0,0.0,0.0
1065,погибали,220.0,42391.0,51.0,16.0,0.0,1.0,0.0,0.0,0.0
1066,погибнуть,0.0,0.0,0.0,0.0,0.0,0.0,0.0,0.0,0.0
1067,погибший,120.0,41590.0,64.0,5.0,0.0,0.0,0.0,0.0,1.0
1068,поговорить,0.0,0.0,0.0,0.0,0.0,0.0,0.0,0.0,0.0
1069,подарить,0.0,0.0,0.0,0.0,0.0,0.0,0.0,0.0,0.0
1070,подать,0.0,0.0,0.0,0.0,0.0,0.0,0.0,0.0,0.0
1071,подброса,0.0,0.0,0.0,0.0,0.0,0.0,0.0,0.0,0.0
1072,подбросить,943.0,76000.0,258.0,43.0,1.0,1.0,0.0,0.0,0.0
1073,подготовиться,23.0,17009.0,2.0,3.0,0.0,0.0,0.0,1.0,0.0
1074,поддержать,0.0,0.0,0.0,0.0,0.0,0.0,0.0,0.0,0.0
1075,поддержка,0.0,0.0,0.0,0.0,0.0,0.0,0.0,0.0,0.0
1076,подмосковье,29.0,14764.0,20.0,3.0,0.0,0.0,1.0,1.0,0.0
1077,подняться,0.0,0.0,0.0,0.0,0.0,0.0,0.0,0.0,0.0
1078,подозрение,0.0,0.0,0.0,0.0,0.0,0.0,0.0,0.0,0.0
1079,подозрительно,6.0,2552.0,1.0,1.0,0.0,0.0,1.0,0.0,0.0
1080,подорвать,0.0,0.0,0.0,0.0,0.0,0.0,0.0,0.0,0.0
1081,подросток,0.0,0.0,0.0,0.0,0.0,0.0,0.0,0.0,0.0
1082,подряд,106.0,39603.0,38.0,7.0,0.0,1.0,0.0,0.0,0.0
1083,подскочить,0.0,0.0,0.0,0.0,0.0,0.0,0.0,0.0,0.0
1084,подсчёт,0.0,0.0,0.0,0.0,0.0,0.0,0.0,0.0,0.0
1085,подтвердить,0.0,0.0,0.0,0.0,0.0,0.0,0.0,0.0,0.0
1086,подтверждать,0.0,0.0,0.0,0.0,0.0,0.0,0.0,0.0,0.0
1087,поезд,0.0,0.0,0.0,0.0,0.0,0.0,0.0,0.0,0.0
1088,поехать,0.0,0.0,0.0,0.0,0.0,0.0,0.0,0.0,0.0
1089,пожаловаться,0.0,0.0,0.0,0.0,0.0,0.0,0.0,0.0,0.0
1090,пожар,120.0,41590.0,64.0,5.0,0.0,0.0,0.0,0.0,1.0
1091,позабыть,0.0,0.0,0.0,0.0,0.0,0.0,0.0,0.0,0.0
1092,позиция,0.0,0.0,0.0,0.0,0.0,0.0,0.0,0.0,0.0
1093,поиск,0.0,0.0,0.0,0.0,0.0,0.0,0.0,0.0,0.0
1094,пойти,0.0,0.0,0.0,0.0,0.0,0.0,0.0,0.0,0.0
1095,показала,104.0,33873.0,33.0,4.0,2.0,0.0,1.0,0.0,0.0
1096,показание,0.0,0.0,0.0,0.0,0.0,0.0,0.0,0.0,0.0
1097,показатель,0.0,0.0,0.0,0.0,0.0,0.0,0.0,0.0,0.0
1098,показать,0.0,0.0,0.0,0.0,0.0,0.0,0.0,0.0,0.0
1099,покидать,0.0,0.0,0.0,0.0,0.0,0.0,0.0,0.0,0.0
1100,покинуть,0.0,0.0,0.0,0.0,0.0,0.0,0.0,0.0,0.0
1101,покупатель,0.0,0.0,0.0,0.0,0.0,0.0,0.0,0.0,0.0
1102,покупать,0.0,0.0,0.0,0.0,0.0,0.0,0.0,0.0,0.0
1103,покупка,0.0,0.0,0.0,0.0,0.0,0.0,0.0,0.0,0.0
1104,полигон,0.0,0.0,0.0,0.0,0.0,0.0,0.0,0.0,0.0
1105,политика,0.0,0.0,0.0,0.0,0.0,0.0,0.0,0.0,0.0
1106,политики,189.0,38900.0,31.0,10.0,0.0,1.0,1.0,0.0,0.0
1107,политься,0.0,0.0,0.0,0.0,0.0,0.0,0.0,0.0,0.0
1108,полицейский,723.0,101741.0,306.0,29.0,2.0,1.0,0.0,0.0,0.0
1109,полицейского,691.0,123259.0,132.0,24.0,1.0,3.0,0.0,0.0,0.0
1110,полиции,436.0,146397.0,326.0,17.0,1.0,2.0,0.0,1.0,1.0
1111,полиция,514.0,171275.0,293.0,17.0,2.0,2.0,1.0,2.0,0.0
1112,полковник,67.0,34058.0,16.0,1.0,0.0,1.0,0.0,0.0,0.0
1113,полный,0.0,0.0,0.0,0.0,0.0,0.0,0.0,0.0,0.0
1114,полтора,54.0,21638.0,33.0,8.0,0.0,0.0,0.0,1.0,0.0
1115,полуостров,0.0,0.0,0.0,0.0,0.0,0.0,0.0,0.0,0.0
1116,получить,0.0,0.0,0.0,0.0,0.0,0.0,0.0,0.0,0.0
1117,польза,0.0,0.0,0.0,0.0,0.0,0.0,0.0,0.0,0.0
1118,пользователь,0.0,0.0,0.0,0.0,0.0,0.0,0.0,0.0,0.0
1119,полёт,0.0,0.0,0.0,0.0,0.0,0.0,0.0,0.0,0.0
1120,помеха,0.0,0.0,0.0,0.0,0.0,0.0,0.0,0.0,0.0
1121,помиловании,58.0,30755.0,6.0,0.0,0.0,1.0,0.0,0.0,0.0
1122,помогать,0.0,0.0,0.0,0.0,0.0,0.0,0.0,0.0,0.0
1123,помогли,87.0,30235.0,22.0,6.0,0.0,1.0,0.0,0.0,0.0
1124,помочь,0.0,0.0,0.0,0.0,0.0,0.0,0.0,0.0,0.0
1125,помощь,42.0,20780.0,55.0,2.0,0.0,0.0,0.0,1.0,0.0
1126,понадобиться,0.0,0.0,0.0,0.0,0.0,0.0,0.0,0.0,0.0
1127,понимаете,137.0,53494.0,85.0,2.0,0.0,1.0,0.0,0.0,0.0
1128,понимания,248.0,39723.0,146.0,23.0,0.0,0.0,0.0,1.0,0.0
1129,понравиться,0.0,0.0,0.0,0.0,0.0,0.0,0.0,0.0,0.0
1130,понять,758.0,125498.0,938.0,59.0,0.0,1.0,0.0,0.0,0.0
1131,пообещать,0.0,0.0,0.0,0.0,0.0,0.0,0.0,0.0,0.0
1132,поправка,0.0,0.0,0.0,0.0,0.0,0.0,0.0,0.0,0.0
1133,поправки,513.0,70508.0,61.0,32.0,1.0,1.0,0.0,0.0,0.0
1134,попросить,0.0,0.0,0.0,0.0,0.0,0.0,0.0,0.0,0.0
1135,популярный,0.0,0.0,0.0,0.0,0.0,0.0,0.0,0.0,0.0
1136,популяционный,0.0,0.0,0.0,0.0,0.0,0.0,0.0,0.0,0.0
1137,попытка,0.0,0.0,0.0,0.0,0.0,0.0,0.0,0.0,0.0
1138,пора,0.0,0.0,0.0,0.0,0.0,0.0,0.0,0.0,0.0
1139,порекомендовать,0.0,0.0,0.0,0.0,0.0,0.0,0.0,0.0,0.0
1140,порнография,0.0,0.0,0.0,0.0,0.0,0.0,0.0,0.0,0.0
1141,порошенко,291.0,113061.0,209.0,5.0,0.0,0.0,0.0,0.0,2.0
1142,поручить,0.0,0.0,0.0,0.0,0.0,0.0,0.0,0.0,0.0
1143,посадить,0.0,0.0,0.0,0.0,0.0,0.0,0.0,0.0,0.0
1144,посвятить,0.0,0.0,0.0,0.0,0.0,0.0,0.0,0.0,0.0
1145,поселение,47.0,21742.0,37.0,3.0,1.0,0.0,0.0,0.0,0.0
1146,посетитель,0.0,0.0,0.0,0.0,0.0,0.0,0.0,0.0,0.0
1147,посетить,363.0,66298.0,249.0,13.0,0.0,0.0,0.0,0.0,1.0
1148,последний,0.0,0.0,0.0,0.0,0.0,0.0,0.0,0.0,0.0
1149,последствие,0.0,0.0,0.0,0.0,0.0,0.0,0.0,0.0,0.0
1150,послушать,72.0,19960.0,15.0,0.0,1.0,0.0,0.0,0.0,0.0
1151,пособие,0.0,0.0,0.0,0.0,0.0,0.0,0.0,0.0,0.0
1152,посоветовать,0.0,0.0,0.0,0.0,0.0,0.0,0.0,0.0,0.0
1153,посольство,0.0,0.0,0.0,0.0,0.0,0.0,0.0,0.0,0.0
1154,пососи,302.0,65005.0,112.0,6.0,0.0,1.0,0.0,0.0,0.0
1155,пост,8.0,5498.0,0.0,0.0,0.0,0.0,2.0,0.0,0.0
1156,поставить,0.0,0.0,0.0,0.0,0.0,0.0,0.0,0.0,0.0
1157,пострадавший,72.0,28741.0,70.0,4.0,1.0,0.0,0.0,0.0,0.0
1158,постсоветский,148.0,23232.0,1.0,9.0,1.0,0.0,0.0,0.0,0.0
1159,поступить,0.0,0.0,0.0,0.0,0.0,0.0,0.0,0.0,0.0
1160,посылка,0.0,0.0,0.0,0.0,0.0,0.0,0.0,0.0,0.0
1161,потанин,74.0,28480.0,22.0,3.0,0.0,1.0,0.0,0.0,0.0
1162,потом,376.0,81980.0,81.0,6.0,0.0,2.0,0.0,0.0,0.0
1163,потребовать,0.0,0.0,0.0,0.0,0.0,0.0,0.0,0.0,0.0
1164,похитить,0.0,0.0,0.0,0.0,0.0,0.0,0.0,0.0,0.0
1165,похищение,0.0,0.0,0.0,0.0,0.0,0.0,0.0,0.0,0.0
1166,поход,0.0,0.0,0.0,0.0,0.0,0.0,0.0,0.0,0.0
1167,похороны,17.0,20366.0,196.0,0.0,0.0,0.0,0.0,1.0,0.0
1168,почему,87.0,64871.0,117.0,2.0,0.0,0.0,0.0,1.0,1.0
1169,почти,81.0,21338.0,235.0,10.0,0.0,0.0,0.0,1.0,0.0
1170,появление,0.0,0.0,0.0,0.0,0.0,0.0,0.0,0.0,0.0
1171,появляться,0.0,0.0,0.0,0.0,0.0,0.0,0.0,0.0,0.0
1172,правило,0.0,0.0,0.0,0.0,0.0,0.0,0.0,0.0,0.0
1173,правильно,106.0,39603.0,38.0,7.0,0.0,1.0,0.0,0.0,0.0
1174,правительство,75.0,38971.0,139.0,9.0,0.0,0.0,0.0,0.0,1.0
1175,право,0.0,0.0,0.0,0.0,0.0,0.0,0.0,0.0,0.0
1176,праздник,0.0,0.0,0.0,0.0,0.0,0.0,0.0,0.0,0.0
1177,превысить,0.0,0.0,0.0,0.0,0.0,0.0,0.0,0.0,0.0
1178,предать,185.0,24663.0,27.0,10.0,1.0,0.0,0.0,0.0,0.0
1179,предлагать,42.0,17986.0,10.0,0.0,1.0,0.0,0.0,0.0,0.0
1180,предложить,0.0,0.0,0.0,0.0,0.0,0.0,0.0,0.0,0.0
1181,предотвратить,0.0,0.0,0.0,0.0,0.0,0.0,0.0,0.0,0.0
1182,предотвращение,0.0,0.0,0.0,0.0,0.0,0.0,0.0,0.0,0.0
1183,предписать,0.0,0.0,0.0,0.0,0.0,0.0,0.0,0.0,0.0
1184,предприниматель,0.0,0.0,0.0,0.0,0.0,0.0,0.0,0.0,0.0
1185,предсказать,0.0,0.0,0.0,0.0,0.0,0.0,0.0,0.0,0.0
1186,представитель,57.0,27377.0,40.0,2.0,0.0,1.0,0.0,0.0,0.0
1187,представить,0.0,0.0,0.0,0.0,0.0,0.0,0.0,0.0,0.0
1188,предупредить,0.0,0.0,0.0,0.0,0.0,0.0,0.0,0.0,0.0
1189,предъявить,0.0,0.0,0.0,0.0,0.0,0.0,0.0,0.0,0.0
1190,презерватив,0.0,0.0,0.0,0.0,0.0,0.0,0.0,0.0,0.0
1191,прекрасна,253.0,44669.0,20.0,8.0,0.0,1.0,0.0,0.0,0.0
1192,прекраснее,253.0,44669.0,20.0,8.0,0.0,1.0,0.0,0.0,0.0
1193,прекратить,0.0,0.0,0.0,0.0,0.0,0.0,0.0,0.0,0.0
1194,премьер,116.0,32141.0,12.0,1.0,0.0,1.0,0.0,0.0,0.0
1195,препарат,0.0,0.0,0.0,0.0,0.0,0.0,0.0,0.0,0.0
1196,прервать,0.0,0.0,0.0,0.0,0.0,0.0,0.0,0.0,0.0
1197,прест,0.0,0.0,0.0,0.0,0.0,0.0,0.0,0.0,0.0
1198,престолов,253.0,44669.0,20.0,8.0,0.0,1.0,0.0,0.0,0.0
1199,претензия,0.0,0.0,0.0,0.0,0.0,0.0,0.0,0.0,0.0
1200,прибавить,0.0,0.0,0.0,0.0,0.0,0.0,0.0,0.0,0.0
1201,прибыть,0.0,0.0,0.0,0.0,0.0,0.0,0.0,0.0,0.0
1202,привезти,0.0,0.0,0.0,0.0,0.0,0.0,0.0,0.0,0.0
1203,привести,0.0,0.0,0.0,0.0,0.0,0.0,0.0,0.0,0.0
1204,привлекательность,0.0,2433.0,0.0,0.0,0.0,0.0,1.0,0.0,0.0
1205,привлечь,0.0,0.0,0.0,0.0,0.0,0.0,0.0,0.0,0.0
1206,приглашать,43.0,23328.0,151.0,4.0,0.0,0.0,0.0,1.0,0.0
1207,приглашение,363.0,66298.0,249.0,13.0,0.0,0.0,0.0,0.0,1.0
1208,приговор,0.0,0.0,0.0,0.0,0.0,0.0,0.0,0.0,0.0
1209,приговорить,0.0,0.0,0.0,0.0,0.0,0.0,0.0,0.0,0.0
1210,приготовить,0.0,0.0,0.0,0.0,0.0,0.0,0.0,0.0,0.0
1211,приготовиться,0.0,0.0,0.0,0.0,0.0,0.0,0.0,0.0,0.0
1212,пригрозить,0.0,0.0,0.0,0.0,0.0,0.0,0.0,0.0,0.0
1213,придумывать,0.0,0.0,0.0,0.0,0.0,0.0,0.0,0.0,0.0
1214,приезжать,0.0,0.0,0.0,0.0,0.0,0.0,0.0,0.0,0.0
1215,приезжий,0.0,0.0,0.0,0.0,0.0,0.0,0.0,0.0,0.0
1216,признание,0.0,0.0,0.0,0.0,0.0,0.0,0.0,0.0,0.0
1217,признать,0.0,0.0,0.0,0.0,0.0,0.0,0.0,0.0,0.0
1218,призов,68.0,24175.0,132.0,19.0,0.0,0.0,0.0,1.0,0.0
1219,призывать,0.0,0.0,0.0,0.0,0.0,0.0,0.0,0.0,0.0
1220,прийти,0.0,0.0,0.0,0.0,0.0,0.0,0.0,0.0,0.0
1221,прийтись,0.0,0.0,0.0,0.0,0.0,0.0,0.0,0.0,0.0
1222,приказ,0.0,0.0,0.0,0.0,0.0,0.0,0.0,0.0,0.0
1223,приложение,198.0,61365.0,31.0,6.0,2.0,0.0,0.0,0.0,0.0
1224,примотать,0.0,0.0,0.0,0.0,0.0,0.0,0.0,0.0,0.0
1225,принуждение,47.0,21742.0,37.0,3.0,1.0,0.0,0.0,0.0,0.0
1226,принципиально,127.0,32791.0,122.0,7.0,0.0,1.0,0.0,0.0,0.0
1227,принять,0.0,0.0,0.0,0.0,0.0,0.0,0.0,0.0,0.0
1228,пририсовать,0.0,0.0,0.0,0.0,0.0,0.0,0.0,0.0,0.0
1229,приспосабливать,0.0,0.0,0.0,0.0,0.0,0.0,0.0,0.0,0.0
1230,приставка,71.0,11644.0,27.0,2.0,1.0,0.0,0.0,0.0,0.0
1231,причина,0.0,0.0,0.0,0.0,0.0,0.0,0.0,0.0,0.0
1232,проанализировать,194.0,27053.0,36.0,8.0,1.0,0.0,0.0,0.0,0.0
1233,проблеме,92.0,18203.0,10.0,3.0,1.0,0.0,0.0,0.0,0.0
1234,проблемный,0.0,0.0,0.0,0.0,0.0,0.0,0.0,0.0,0.0
1235,проверить,30.0,18575.0,39.0,0.0,0.0,0.0,0.0,1.0,0.0
1236,проверка,0.0,0.0,0.0,0.0,0.0,0.0,0.0,0.0,0.0
1237,проверять,0.0,0.0,0.0,0.0,0.0,0.0,0.0,0.0,0.0
1238,провести,0.0,0.0,0.0,0.0,0.0,0.0,0.0,0.0,0.0
1239,проводить,131.0,60965.0,83.0,7.0,1.0,1.0,0.0,0.0,0.0
1240,прогноз,3.0,2753.0,0.0,0.0,0.0,0.0,1.0,0.0,0.0
1241,прогулка,0.0,0.0,0.0,0.0,0.0,0.0,0.0,0.0,0.0
1242,продавать,303.0,102315.0,109.0,19.0,0.0,0.0,0.0,0.0,2.0
1243,продать,222.0,73241.0,153.0,4.0,0.0,2.0,0.0,0.0,0.0
1244,продвижение,0.0,0.0,0.0,0.0,0.0,0.0,0.0,0.0,0.0
1245,продолжить,0.0,0.0,0.0,0.0,0.0,0.0,0.0,0.0,0.0
1246,продукты,112.0,30743.0,24.0,5.0,0.0,1.0,0.0,0.0,0.0
1247,проект,0.0,0.0,0.0,0.0,0.0,0.0,0.0,0.0,0.0
1248,проиграете,55.0,15546.0,9.0,3.0,1.0,0.0,0.0,0.0,0.0
1249,произвол,0.0,0.0,0.0,0.0,0.0,0.0,0.0,0.0,0.0
1250,происходить,0.0,0.0,0.0,0.0,0.0,0.0,0.0,0.0,0.0
1251,происшествие,0.0,0.0,0.0,0.0,0.0,0.0,0.0,0.0,0.0
1252,пройти,0.0,0.0,0.0,0.0,0.0,0.0,0.0,0.0,0.0
1253,прокомментировать,0.0,0.0,0.0,0.0,0.0,0.0,0.0,0.0,0.0
1254,прокуратура,74.0,27060.0,119.0,3.0,0.0,0.0,0.0,1.0,0.0
1255,прокурор,81.0,25233.0,125.0,4.0,0.0,0.0,0.0,1.0,0.0
1256,пропасть,0.0,0.0,0.0,0.0,0.0,0.0,0.0,0.0,0.0
1257,пропуск,0.0,0.0,0.0,0.0,0.0,0.0,0.0,0.0,0.0
1258,просить,0.0,0.0,0.0,0.0,0.0,0.0,0.0,0.0,0.0
1259,просмотр,0.0,0.0,0.0,0.0,0.0,0.0,0.0,0.0,0.0
1260,простомолот,0.0,0.0,0.0,0.0,0.0,0.0,0.0,0.0,0.0
1261,протест,3.0,3370.0,4.0,1.0,0.0,0.0,1.0,0.0,0.0
1262,протестовать,0.0,0.0,0.0,0.0,0.0,0.0,0.0,0.0,0.0
1263,проуфу,118.0,31287.0,10.0,3.0,0.0,1.0,0.0,0.0,0.0
1264,профилирование,2.0,2612.0,0.0,1.0,0.0,0.0,1.0,0.0,0.0
1265,прочитать,42.0,17986.0,10.0,0.0,1.0,0.0,0.0,0.0,0.0
1266,прошлое,0.0,0.0,0.0,0.0,0.0,0.0,0.0,0.0,0.0
1267,психический,0.0,0.0,0.0,0.0,0.0,0.0,0.0,0.0,0.0
1268,психолог,0.0,0.0,0.0,0.0,0.0,0.0,0.0,0.0,0.0
1269,публично,49.0,19376.0,31.0,0.0,1.0,0.0,0.0,0.0,0.0
1270,пуля,0.0,0.0,0.0,0.0,0.0,0.0,0.0,0.0,0.0
1271,пустить,0.0,0.0,0.0,0.0,0.0,0.0,0.0,0.0,0.0
1272,путин,436.0,122628.0,270.0,21.0,3.0,0.0,0.0,1.0,2.0
1273,пчеловод,0.0,0.0,0.0,0.0,0.0,0.0,0.0,0.0,0.0
1274,пять,756.0,149509.0,273.0,37.0,1.0,2.0,0.0,0.0,1.0
1275,раб,0.0,0.0,0.0,0.0,0.0,0.0,0.0,0.0,0.0
1276,работать,25.0,21242.0,6.0,1.0,1.0,0.0,0.0,0.0,0.0
1277,раджаб,0.0,0.0,0.0,0.0,0.0,0.0,0.0,0.0,0.0
1278,рады,78.0,28824.0,51.0,1.0,0.0,1.0,0.0,0.0,0.0
1279,раз,433.0,123667.0,261.0,6.0,2.0,2.0,0.0,0.0,0.0
1280,разбор,7.0,13608.0,2.0,0.0,0.0,0.0,0.0,1.0,0.0
1281,развивается,114.0,36423.0,57.0,5.0,0.0,1.0,0.0,0.0,0.0
1282,развитие,114.0,35589.0,54.0,4.0,0.0,1.0,0.0,0.0,0.0
1283,разин,101.0,52646.0,160.0,5.0,0.0,0.0,0.0,0.0,1.0
1284,разлив,2.0,2717.0,1.0,0.0,0.0,0.0,1.0,0.0,0.0
1285,разница,23.0,8631.0,23.0,5.0,0.0,0.0,0.0,1.0,0.0
1286,разобраться,0.0,0.0,0.0,0.0,0.0,0.0,0.0,0.0,0.0
1287,разработать,34.0,19403.0,42.0,4.0,0.0,0.0,0.0,1.0,0.0
1288,разработка,0.0,0.0,0.0,0.0,0.0,0.0,0.0,0.0,0.0
1289,разработчик,0.0,0.0,0.0,0.0,0.0,0.0,0.0,0.0,0.0
1290,разразиться,0.0,0.0,0.0,0.0,0.0,0.0,0.0,0.0,0.0
1291,разрешить,0.0,0.0,0.0,0.0,0.0,0.0,0.0,0.0,0.0
1292,разыграть,0.0,0.0,0.0,0.0,0.0,0.0,0.0,0.0,0.0
1293,ракета,108.0,51187.0,50.0,3.0,0.0,0.0,0.0,0.0,1.0
1294,рамка,0.0,0.0,0.0,0.0,0.0,0.0,0.0,0.0,0.0
1295,ранее,167.0,47439.0,54.0,6.0,2.0,0.0,0.0,0.0,0.0
1296,рано,15.0,13907.0,10.0,0.0,0.0,0.0,0.0,1.0,0.0
1297,раньше,218.0,49084.0,11.0,7.0,2.0,0.0,0.0,0.0,0.0
1298,расизм,0.0,0.0,0.0,0.0,0.0,0.0,0.0,0.0,0.0
1299,расист,363.0,72522.0,269.0,4.0,2.0,0.0,0.0,0.0,0.0
1300,распад,0.0,0.0,0.0,0.0,0.0,0.0,0.0,0.0,0.0
1301,распознавание,173.0,40123.0,25.0,5.0,1.0,0.0,0.0,0.0,0.0
1302,распространение,0.0,0.0,0.0,0.0,0.0,0.0,0.0,0.0,0.0
1303,рассказал,446.0,83555.0,253.0,20.0,1.0,0.0,0.0,0.0,1.0
1304,рассказала,120.0,41590.0,64.0,5.0,0.0,0.0,0.0,0.0,1.0
1305,рассказать,0.0,0.0,0.0,0.0,0.0,0.0,0.0,0.0,0.0
1306,рассказывать,0.0,0.0,0.0,0.0,0.0,0.0,0.0,0.0,0.0
1307,расследование,20.0,6787.0,15.0,2.0,0.0,1.0,0.0,0.0,0.0
1308,расстройство,0.0,0.0,0.0,0.0,0.0,0.0,0.0,0.0,0.0
1309,расторгнуть,0.0,0.0,0.0,0.0,0.0,0.0,0.0,0.0,0.0
1310,рацион,0.0,0.0,0.0,0.0,0.0,0.0,0.0,0.0,0.0
1311,рбк,208.0,199367.0,187.0,16.0,0.0,0.0,0.0,14.0,0.0
1312,рвать,0.0,0.0,0.0,0.0,0.0,0.0,0.0,0.0,0.0
1313,реакция,50.0,19671.0,17.0,0.0,1.0,0.0,0.0,0.0,0.0
1314,реальный,0.0,0.0,0.0,0.0,0.0,0.0,0.0,0.0,0.0
1315,реанимировать,7.0,13608.0,2.0,0.0,0.0,0.0,0.0,1.0,0.0
1316,ребёнок,0.0,0.0,0.0,0.0,0.0,0.0,0.0,0.0,0.0
1317,революция,147.0,19875.0,58.0,8.0,1.0,0.0,0.0,0.0,0.0
1318,регион,0.0,0.0,0.0,0.0,0.0,0.0,0.0,0.0,0.0
1319,регионов,216.0,53676.0,58.0,13.0,0.0,1.0,1.0,1.0,0.0
1320,редактор,0.0,0.0,0.0,0.0,0.0,0.0,0.0,0.0,0.0
1321,редакторов,81.0,20417.0,19.0,1.0,1.0,0.0,0.0,0.0,0.0
1322,редакцию,85.0,17686.0,29.0,3.0,1.0,0.0,0.0,0.0,0.0
1323,редакция,37.0,28432.0,11.0,1.0,0.0,1.0,1.0,0.0,0.0
1324,реж,23.0,19144.0,0.0,1.0,1.0,0.0,0.0,0.0,0.0
1325,режим,181.0,71498.0,258.0,9.0,0.0,1.0,0.0,0.0,0.0
1326,резервуар,0.0,0.0,0.0,0.0,0.0,0.0,0.0,0.0,0.0
1327,рейтинг,137.0,47213.0,47.0,3.0,0.0,1.0,0.0,0.0,0.0
1328,рекламный,0.0,0.0,0.0,0.0,0.0,0.0,0.0,0.0,0.0
1329,рекомендовать,0.0,0.0,0.0,0.0,0.0,0.0,0.0,0.0,0.0
1330,рекорд,381.0,87848.0,139.0,7.0,1.0,1.0,0.0,0.0,0.0
1331,рекордный,0.0,0.0,0.0,0.0,0.0,0.0,0.0,0.0,0.0
1332,религия,0.0,0.0,0.0,0.0,0.0,0.0,0.0,0.0,0.0
1333,ремонт,0.0,0.0,0.0,0.0,0.0,0.0,0.0,0.0,0.0
1334,репортаж,0.0,0.0,0.0,0.0,0.0,0.0,0.0,0.0,0.0
1335,ресторан,155.0,28946.0,26.0,6.0,1.0,0.0,0.0,0.0,0.0
1336,ретвит,0.0,0.0,0.0,0.0,0.0,0.0,0.0,0.0,0.0
1337,реформа,0.0,0.0,0.0,0.0,0.0,0.0,0.0,0.0,0.0
1338,решение,53.0,22073.0,26.0,0.0,1.0,0.0,0.0,0.0,0.0
1339,ржд,44.0,19800.0,16.0,3.0,0.0,0.0,1.0,1.0,0.0
1340,ривз,183.0,32437.0,27.0,1.0,1.0,0.0,0.0,0.0,0.0
1341,риск,2.0,2612.0,0.0,1.0,0.0,0.0,1.0,0.0,0.0
1342,риска,0.0,0.0,0.0,0.0,0.0,0.0,0.0,0.0,0.0
1343,рискованный,151.0,32122.0,57.0,17.0,0.0,1.0,0.0,0.0,0.0
1344,рисунок,0.0,0.0,0.0,0.0,0.0,0.0,0.0,0.0,0.0
1345,ритейлера,73.0,34023.0,16.0,1.0,0.0,1.0,0.0,0.0,0.0
1346,роборука,0.0,0.0,0.0,0.0,0.0,0.0,0.0,0.0,0.0
1347,рогозин,0.0,0.0,0.0,0.0,0.0,0.0,0.0,0.0,0.0
1348,родитель,0.0,0.0,0.0,0.0,0.0,0.0,0.0,0.0,0.0
1349,ролик,0.0,0.0,0.0,0.0,0.0,0.0,0.0,0.0,0.0
1350,роман,0.0,0.0,0.0,0.0,0.0,0.0,0.0,0.0,0.0
1351,романтика,0.0,0.0,0.0,0.0,0.0,0.0,0.0,0.0,0.0
1352,росатом,0.0,0.0,0.0,0.0,0.0,0.0,0.0,0.0,0.0
1353,росгвардеец,0.0,0.0,0.0,0.0,0.0,0.0,0.0,0.0,0.0
1354,росгвардия,114.0,22974.0,124.0,8.0,0.0,0.0,0.0,1.0,0.0
1355,роспотребнадзор,181.0,71498.0,258.0,9.0,0.0,1.0,0.0,0.0,0.0
1356,роспотребнадзора,82.0,33489.0,33.0,2.0,0.0,1.0,0.0,0.0,0.0
1357,росприроднадзор,66.0,51060.0,106.0,4.0,0.0,0.0,0.0,0.0,1.0
1358,россии,3677.0,1067127.0,3409.0,218.0,9.0,10.0,2.0,8.0,4.0
1359,российский,356.0,184962.0,187.0,15.0,0.0,1.0,0.0,0.0,3.0
1360,россия,597.0,126014.0,416.0,19.0,0.0,0.0,0.0,0.0,2.0
1361,россиянин,0.0,0.0,0.0,0.0,0.0,0.0,0.0,0.0,0.0
1362,роста,73.0,34023.0,16.0,1.0,0.0,1.0,0.0,0.0,0.0
1363,ростелеком,2.0,2686.0,1.0,0.0,0.0,0.0,1.0,0.0,0.0
1364,рубеж,0.0,0.0,0.0,0.0,0.0,0.0,0.0,0.0,0.0
1365,рублей,712.0,142607.0,283.0,35.0,0.0,3.0,1.0,0.0,1.0
1366,рубль,0.0,0.0,0.0,0.0,0.0,0.0,0.0,0.0,0.0
1367,руководитель,0.0,0.0,0.0,0.0,0.0,0.0,0.0,0.0,0.0
1368,ручеёк,0.0,0.0,0.0,0.0,0.0,0.0,0.0,0.0,0.0
1369,рф,59.0,25758.0,41.0,3.0,0.0,1.0,0.0,0.0,0.0
1370,рыба,0.0,0.0,0.0,0.0,0.0,0.0,0.0,0.0,0.0
1371,рыбой,0.0,0.0,0.0,0.0,0.0,0.0,0.0,0.0,0.0
1372,рынок,0.0,0.0,0.0,0.0,0.0,0.0,0.0,0.0,0.0
1373,рэп,215.0,41994.0,39.0,2.0,0.0,1.0,0.0,0.0,0.0
1374,рэпер,630.0,165068.0,250.0,10.0,2.0,2.0,0.0,0.0,0.0
1375,саакашвили,42.0,20367.0,30.0,3.0,0.0,0.0,0.0,1.0,0.0
1376,садовый,0.0,0.0,0.0,0.0,0.0,0.0,0.0,0.0,0.0
1377,сайт,0.0,0.0,0.0,0.0,0.0,0.0,0.0,0.0,0.0
1378,сам,79.0,22843.0,27.0,1.0,1.0,0.0,0.0,0.0,0.0
1379,самариддин,111.0,31568.0,44.0,5.0,0.0,1.0,0.0,0.0,0.0
1380,самоизоляция,0.0,0.0,0.0,0.0,0.0,0.0,0.0,0.0,0.0
1381,самой,176.0,40595.0,25.0,8.0,1.0,0.0,0.0,0.0,1.0
1382,самый,0.0,0.0,0.0,0.0,0.0,0.0,0.0,0.0,0.0
1383,санитарный,0.0,0.0,0.0,0.0,0.0,0.0,0.0,0.0,0.0
1384,санкция,0.0,0.0,0.0,0.0,0.0,0.0,0.0,0.0,0.0
1385,сапсанов,39.0,17088.0,16.0,2.0,0.0,0.0,0.0,1.0,0.0
1386,сатаны,59.0,19802.0,15.0,2.0,1.0,0.0,0.0,0.0,0.0
1387,сатирик,503.0,119099.0,174.0,33.0,0.0,1.0,0.0,1.0,1.0
1388,сбербанк,387.0,96702.0,274.0,15.0,1.0,2.0,1.0,0.0,0.0
1389,сбербанка,264.0,99653.0,295.0,20.0,1.0,0.0,0.0,1.0,1.0
1390,сбить,0.0,0.0,0.0,0.0,0.0,0.0,0.0,0.0,0.0
1391,сборный,0.0,0.0,0.0,0.0,0.0,0.0,0.0,0.0,0.0
1392,сбыт,0.0,0.0,0.0,0.0,0.0,0.0,0.0,0.0,0.0
1393,сверстник,0.0,0.0,0.0,0.0,0.0,0.0,0.0,0.0,0.0
1394,светлана,57.0,27377.0,40.0,2.0,0.0,1.0,0.0,0.0,0.0
1395,светскость,0.0,0.0,0.0,0.0,0.0,0.0,0.0,0.0,0.0
1396,свидетель,0.0,0.0,0.0,0.0,0.0,0.0,0.0,0.0,0.0
1397,свобода,0.0,0.0,0.0,0.0,0.0,0.0,0.0,0.0,0.0
1398,своевременный,0.0,0.0,0.0,0.0,0.0,0.0,0.0,0.0,0.0
1399,свой,0.0,0.0,0.0,0.0,0.0,0.0,0.0,0.0,0.0
1400,связать,0.0,0.0,0.0,0.0,0.0,0.0,0.0,0.0,0.0
1401,связь,2.0,3228.0,0.0,0.0,0.0,0.0,1.0,0.0,0.0
1402,святослав,79.0,31774.0,54.0,1.0,0.0,1.0,1.0,0.0,0.0
1403,священник,0.0,0.0,0.0,0.0,0.0,0.0,0.0,0.0,0.0
1404,сдавать,26.0,15089.0,22.0,1.0,0.0,0.0,0.0,1.0,0.0
1405,сдать,0.0,0.0,0.0,0.0,0.0,0.0,0.0,0.0,0.0
1406,сделка,0.0,0.0,0.0,0.0,0.0,0.0,0.0,0.0,0.0
1407,себе,85.0,31257.0,14.0,0.0,0.0,1.0,0.0,0.0,0.0
1408,себя,599.0,48041.0,168.0,28.0,0.0,1.0,1.0,0.0,0.0
1409,севастополь,0.0,0.0,0.0,0.0,0.0,0.0,0.0,0.0,0.0
1410,сей,0.0,0.0,0.0,0.0,0.0,0.0,0.0,0.0,0.0
1411,сейчас,371.0,74513.0,108.0,33.0,0.0,2.0,0.0,0.0,0.0
1412,секс,0.0,0.0,0.0,0.0,0.0,0.0,0.0,0.0,0.0
1413,сексуально,11.0,3782.0,6.0,3.0,0.0,0.0,1.0,0.0,0.0
1414,село,0.0,0.0,0.0,0.0,0.0,0.0,0.0,0.0,0.0
1415,семь,12.0,13805.0,4.0,0.0,0.0,0.0,0.0,1.0,0.0
1416,семья,0.0,0.0,0.0,0.0,0.0,0.0,0.0,0.0,0.0
1417,сервис,117.0,65044.0,93.0,3.0,3.0,0.0,0.0,0.0,0.0
1418,сергей,319.0,51754.0,338.0,17.0,0.0,1.0,0.0,0.0,0.0
1419,сердцебиение,0.0,0.0,0.0,0.0,0.0,0.0,0.0,0.0,0.0
1420,сериал,131.0,20797.0,11.0,1.0,1.0,0.0,0.0,0.0,0.0
1421,сертификат,0.0,0.0,0.0,0.0,0.0,0.0,0.0,0.0,0.0
1422,сеть,0.0,0.0,0.0,0.0,0.0,0.0,0.0,0.0,0.0
1423,сибирский,0.0,0.0,0.0,0.0,0.0,0.0,0.0,0.0,0.0
1424,сизый,0.0,0.0,0.0,0.0,0.0,0.0,0.0,0.0,0.0
1425,сила,0.0,0.0,0.0,0.0,0.0,0.0,0.0,0.0,0.0
1426,силы,110.0,27054.0,10.0,5.0,1.0,0.0,0.0,0.0,0.0
1427,сим,91.0,44219.0,119.0,5.0,0.0,0.0,0.0,0.0,1.0
1428,симулятор,100.0,20576.0,3.0,6.0,1.0,0.0,0.0,0.0,0.0
1429,симферополе,356.0,91704.0,174.0,10.0,0.0,1.0,0.0,0.0,1.0
1430,симферополь,0.0,0.0,0.0,0.0,0.0,0.0,0.0,0.0,0.0
1431,сиреневый,77.0,20437.0,10.0,5.0,1.0,0.0,0.0,0.0,0.0
1432,сирия,0.0,0.0,0.0,0.0,0.0,0.0,0.0,0.0,0.0
1433,система,270.0,53650.0,141.0,11.0,0.0,1.0,0.0,0.0,0.0
1434,ситуация,0.0,0.0,0.0,0.0,0.0,0.0,0.0,0.0,0.0
1435,сиэтл,0.0,0.0,0.0,0.0,0.0,0.0,0.0,0.0,0.0
1436,ск,739.0,233771.0,412.0,27.0,1.0,3.0,0.0,1.0,2.0
1437,скандал,234.0,59716.0,167.0,6.0,0.0,0.0,0.0,0.0,1.0
1438,сквозить,0.0,0.0,0.0,0.0,0.0,0.0,0.0,0.0,0.0
1439,скидка,0.0,0.0,0.0,0.0,0.0,0.0,0.0,0.0,0.0
1440,склад,76.0,15377.0,4.0,4.0,1.0,0.0,0.0,0.0,0.0
1441,скорость,0.0,0.0,0.0,0.0,0.0,0.0,0.0,0.0,0.0
1442,скрыпник,0.0,0.0,0.0,0.0,0.0,0.0,0.0,0.0,0.0
1443,скрыть,0.0,0.0,0.0,0.0,0.0,0.0,0.0,0.0,0.0
1444,след,0.0,0.0,0.0,0.0,0.0,0.0,0.0,0.0,0.0
1445,следить,0.0,0.0,0.0,0.0,0.0,0.0,0.0,0.0,0.0
1446,следователь,0.0,0.0,0.0,0.0,0.0,0.0,0.0,0.0,0.0
1447,следствие,0.0,0.0,0.0,0.0,0.0,0.0,0.0,0.0,0.0
1448,слишком,6.0,2552.0,1.0,1.0,0.0,0.0,1.0,0.0,0.0
1449,слова,241.0,109840.0,321.0,9.0,0.0,1.0,0.0,0.0,1.0
1450,словарь,62.0,33382.0,91.0,1.0,0.0,1.0,0.0,0.0,0.0
1451,слово,0.0,0.0,0.0,0.0,0.0,0.0,0.0,0.0,0.0
1452,сложно,758.0,125498.0,938.0,59.0,0.0,1.0,0.0,0.0,0.0
1453,сложный,0.0,0.0,0.0,0.0,0.0,0.0,0.0,0.0,0.0
1454,сломать,0.0,0.0,0.0,0.0,0.0,0.0,0.0,0.0,0.0
1455,случай,0.0,0.0,0.0,0.0,0.0,0.0,0.0,0.0,0.0
1456,случиться,0.0,0.0,0.0,0.0,0.0,0.0,0.0,0.0,0.0
1457,слушать,0.0,0.0,0.0,0.0,0.0,0.0,0.0,0.0,0.0
1458,смартфон,0.0,0.0,0.0,0.0,0.0,0.0,0.0,0.0,0.0
1459,смена,0.0,0.0,0.0,0.0,0.0,0.0,0.0,0.0,0.0
1460,смертельный,0.0,0.0,0.0,0.0,0.0,0.0,0.0,0.0,0.0
1461,смертность,1197.0,248065.0,1184.0,79.0,2.0,1.0,1.0,0.0,1.0
1462,смертный,0.0,0.0,0.0,0.0,0.0,0.0,0.0,0.0,0.0
1463,смерть,0.0,0.0,0.0,0.0,0.0,0.0,0.0,0.0,0.0
1464,сми,94.0,24145.0,32.0,2.0,1.0,0.0,0.0,0.0,0.0
1465,смочь,0.0,0.0,0.0,0.0,0.0,0.0,0.0,0.0,0.0
1466,снизиться,0.0,0.0,0.0,0.0,0.0,0.0,0.0,0.0,0.0
1467,снимать,184.0,34863.0,30.0,10.0,0.0,1.0,0.0,0.0,0.0
1468,снимка,92.0,18203.0,10.0,3.0,1.0,0.0,0.0,0.0,0.0
1469,снова,452.0,74026.0,103.0,7.0,1.0,1.0,1.0,0.0,0.0
1470,сновидение,0.0,0.0,0.0,0.0,0.0,0.0,0.0,0.0,0.0
1471,сносить,0.0,0.0,0.0,0.0,0.0,0.0,0.0,0.0,0.0
1472,снятие,90.0,36243.0,57.0,4.0,0.0,1.0,0.0,0.0,0.0
1473,снять,0.0,0.0,0.0,0.0,0.0,0.0,0.0,0.0,0.0
1474,собаку,159.0,20858.0,9.0,6.0,1.0,0.0,0.0,0.0,0.0
1475,собираться,0.0,0.0,0.0,0.0,0.0,0.0,0.0,0.0,0.0
1476,соболь,185.0,50147.0,71.0,5.0,1.0,1.0,0.0,0.0,0.0
1477,собраться,0.0,0.0,0.0,0.0,0.0,0.0,0.0,0.0,0.0
1478,событий,364.0,42623.0,30.0,26.0,0.0,1.0,0.0,0.0,0.0
1479,собянин,567.0,150522.0,281.0,23.0,1.0,1.0,1.0,3.0,1.0
1480,сова,0.0,0.0,0.0,0.0,0.0,0.0,0.0,0.0,0.0
1481,совершить,0.0,0.0,0.0,0.0,0.0,0.0,0.0,0.0,0.0
1482,совет,23.0,36018.0,26.0,0.0,1.0,0.0,0.0,1.0,0.0
1483,совладелец,73.0,34023.0,16.0,1.0,0.0,1.0,0.0,0.0,0.0
1484,современность,23.0,19144.0,0.0,1.0,1.0,0.0,0.0,0.0,0.0
1485,современный,0.0,0.0,0.0,0.0,0.0,0.0,0.0,0.0,0.0
1486,согласиться,0.0,0.0,0.0,0.0,0.0,0.0,0.0,0.0,0.0
1487,создание,0.0,0.0,0.0,0.0,0.0,0.0,0.0,0.0,0.0
1488,создать,0.0,0.0,0.0,0.0,0.0,0.0,0.0,0.0,0.0
1489,сокращать,35.0,17344.0,29.0,6.0,0.0,0.0,0.0,1.0,0.0
1490,солодников,0.0,0.0,0.0,0.0,0.0,0.0,0.0,0.0,0.0
1491,сомнительный,0.0,0.0,0.0,0.0,0.0,0.0,0.0,0.0,0.0
1492,сонин,0.0,0.0,0.0,0.0,0.0,0.0,0.0,0.0,0.0
1493,сообщение,0.0,0.0,0.0,0.0,0.0,0.0,0.0,0.0,0.0
1494,сообщил,257.0,92524.0,119.0,15.0,0.0,2.0,0.0,1.0,0.0
1495,сообщить,0.0,0.0,0.0,0.0,0.0,0.0,0.0,0.0,0.0
1496,сооснователь,18.0,19554.0,23.0,0.0,1.0,0.0,0.0,0.0,0.0
1497,сосед,345.0,30909.0,93.0,15.0,1.0,0.0,0.0,0.0,0.0
1498,соседка,120.0,41590.0,64.0,5.0,0.0,0.0,0.0,0.0,1.0
1499,составить,9.0,13368.0,0.0,0.0,0.0,0.0,0.0,1.0,0.0
1500,состояние,0.0,0.0,0.0,0.0,0.0,0.0,0.0,0.0,0.0
1501,состояться,0.0,0.0,0.0,0.0,0.0,0.0,0.0,0.0,0.0
1502,сотрудник,0.0,0.0,0.0,0.0,0.0,0.0,0.0,0.0,0.0
1503,сохраняется,231.0,91169.0,275.0,9.0,1.0,1.0,0.0,0.0,0.0
1504,сохраняться,0.0,0.0,0.0,0.0,0.0,0.0,0.0,0.0,0.0
1505,социальный,25.0,21242.0,6.0,1.0,1.0,0.0,0.0,0.0,0.0
1506,соцсеть,0.0,0.0,0.0,0.0,0.0,0.0,0.0,0.0,0.0
1507,союз,105.0,31354.0,98.0,2.0,0.0,1.0,0.0,0.0,0.0
1508,спасение,0.0,0.0,0.0,0.0,0.0,0.0,0.0,0.0,0.0
1509,спасибо,7.0,19348.0,5.0,0.0,0.0,0.0,1.0,0.0,0.0
1510,спасти,0.0,0.0,0.0,0.0,0.0,0.0,0.0,0.0,0.0
1511,спектакль,0.0,0.0,0.0,0.0,0.0,0.0,0.0,0.0,0.0
1512,сперва,161.0,39986.0,42.0,4.0,0.0,1.0,0.0,0.0,0.0
1513,специальный,0.0,0.0,0.0,0.0,0.0,0.0,0.0,0.0,0.0
1514,спикер,0.0,0.0,0.0,0.0,0.0,0.0,0.0,0.0,0.0
1515,списание,227.0,84272.0,267.0,20.0,0.0,0.0,0.0,1.0,1.0
1516,список,57.0,34778.0,65.0,3.0,0.0,0.0,1.0,1.0,0.0
1517,спокойной,59.0,25758.0,41.0,3.0,0.0,1.0,0.0,0.0,0.0
1518,способ,35.0,3196.0,0.0,4.0,0.0,0.0,1.0,0.0,0.0
1519,способствовать,0.0,0.0,0.0,0.0,0.0,0.0,0.0,0.0,0.0
1520,спрогнозировать,0.0,0.0,0.0,0.0,0.0,0.0,0.0,0.0,0.0
1521,спрос,0.0,0.0,0.0,0.0,0.0,0.0,0.0,0.0,0.0
1522,спросить,0.0,0.0,0.0,0.0,0.0,0.0,0.0,0.0,0.0
1523,спусковой,0.0,0.0,0.0,0.0,0.0,0.0,0.0,0.0,0.0
1524,срамота,18.0,16621.0,14.0,2.0,0.0,0.0,0.0,1.0,0.0
1525,срок,0.0,0.0,0.0,0.0,0.0,0.0,0.0,0.0,0.0
1526,ставка,0.0,0.0,0.0,0.0,0.0,0.0,0.0,0.0,0.0
1527,становиться,0.0,0.0,0.0,0.0,0.0,0.0,0.0,0.0,0.0
1528,станция,0.0,0.0,0.0,0.0,0.0,0.0,0.0,0.0,0.0
1529,старт,206.0,75010.0,108.0,6.0,1.0,1.0,0.0,1.0,0.0
1530,стартап,68.0,51445.0,24.0,3.0,0.0,0.0,0.0,0.0,1.0
1531,статистика,0.0,0.0,0.0,0.0,0.0,0.0,0.0,0.0,0.0
1532,статуи,30.0,16162.0,21.0,2.0,1.0,0.0,0.0,0.0,0.0
1533,статус,34.0,16970.0,59.0,1.0,0.0,0.0,0.0,1.0,0.0
1534,стать,43.0,6408.0,3.0,4.0,0.0,0.0,2.0,0.0,0.0
1535,статья,91.0,36726.0,142.0,4.0,0.0,0.0,0.0,0.0,1.0
1536,стена,0.0,0.0,0.0,0.0,0.0,0.0,0.0,0.0,0.0
1537,стендап,0.0,0.0,0.0,0.0,0.0,0.0,0.0,0.0,0.0
1538,стимул,1.0,2666.0,0.0,0.0,0.0,0.0,1.0,0.0,0.0
1539,столкнуться,0.0,0.0,0.0,0.0,0.0,0.0,0.0,0.0,0.0
1540,столь,1.0,2555.0,2.0,0.0,0.0,0.0,1.0,0.0,0.0
1541,страна,0.0,0.0,0.0,0.0,0.0,0.0,0.0,0.0,0.0
1542,странность,0.0,0.0,0.0,0.0,0.0,0.0,0.0,0.0,0.0
1543,страх,0.0,0.0,0.0,0.0,0.0,0.0,0.0,0.0,0.0
1544,стриминговый,48.0,25242.0,52.0,3.0,1.0,0.0,0.0,0.0,0.0
1545,строитель,0.0,0.0,0.0,0.0,0.0,0.0,0.0,0.0,0.0
1546,строй,0.0,0.0,0.0,0.0,0.0,0.0,0.0,0.0,0.0
1547,структура,65.0,43256.0,65.0,5.0,0.0,0.0,0.0,2.0,0.0
1548,студент,103.0,19598.0,106.0,2.0,1.0,0.0,0.0,0.0,0.0
1549,студента,701.0,125277.0,656.0,14.0,2.0,1.0,0.0,0.0,0.0
1550,студия,0.0,0.0,0.0,0.0,0.0,0.0,0.0,0.0,0.0
1551,стыде,104.0,56346.0,236.0,7.0,0.0,0.0,0.0,0.0,1.0
1552,суд,811.0,330713.0,433.0,37.0,5.0,5.0,1.0,1.0,1.0
1553,сулеймани,68.0,37373.0,33.0,1.0,0.0,1.0,0.0,0.0,0.0
1554,суперкар,0.0,0.0,0.0,0.0,0.0,0.0,0.0,0.0,0.0
1555,сургут,0.0,0.0,0.0,0.0,0.0,0.0,0.0,0.0,0.0
1556,суставы,270.0,41668.0,60.0,4.0,0.0,1.0,0.0,0.0,0.0
1557,сутки,383.0,209512.0,476.0,19.0,0.0,2.0,1.0,1.0,3.0
1558,сухо,114.0,36423.0,57.0,5.0,0.0,1.0,0.0,0.0,0.0
1559,сушинский,0.0,0.0,0.0,0.0,0.0,0.0,0.0,0.0,0.0
1560,схема,0.0,0.0,0.0,0.0,0.0,0.0,0.0,0.0,0.0
1561,сход,290.0,43853.0,79.0,10.0,0.0,1.0,0.0,0.0,0.0
1562,сценарий,0.0,0.0,0.0,0.0,0.0,0.0,0.0,0.0,0.0
1563,считать,0.0,0.0,0.0,0.0,0.0,0.0,0.0,0.0,0.0
1564,счёт,0.0,0.0,0.0,0.0,0.0,0.0,0.0,0.0,0.0
1565,сша,1554.0,529846.0,1277.0,78.0,7.0,3.0,1.0,4.0,4.0
1566,сын,0.0,0.0,0.0,0.0,0.0,0.0,0.0,0.0,0.0
1567,так,909.0,174708.0,319.0,39.0,0.0,4.0,1.0,0.0,0.0
1568,такого,220.0,42391.0,51.0,16.0,0.0,1.0,0.0,0.0,0.0
1569,такой,0.0,0.0,0.0,0.0,0.0,0.0,0.0,0.0,0.0
1570,такси,613.0,124968.0,604.0,12.0,1.0,2.0,1.0,1.0,0.0
1571,таксист,466.0,92120.0,375.0,6.0,3.0,0.0,0.0,0.0,0.0
1572,таксиста,338.0,52755.0,387.0,10.0,0.0,1.0,0.0,0.0,0.0
1573,там,625.0,186173.0,333.0,22.0,2.0,2.0,0.0,0.0,1.0
1574,таможня,0.0,0.0,0.0,0.0,0.0,0.0,0.0,0.0,0.0
1575,танк,0.0,0.0,0.0,0.0,0.0,0.0,0.0,0.0,0.0
1576,тариф,0.0,0.0,0.0,0.0,0.0,0.0,0.0,0.0,0.0
1577,тасс,172.0,46611.0,78.0,3.0,2.0,0.0,0.0,0.0,0.0
1578,твиттер,0.0,0.0,0.0,0.0,0.0,0.0,0.0,0.0,0.0
1579,твить,0.0,0.0,0.0,0.0,0.0,0.0,0.0,0.0,0.0
1580,тебе,85.0,31257.0,14.0,0.0,0.0,1.0,0.0,0.0,0.0
1581,телек,85.0,17686.0,29.0,3.0,1.0,0.0,0.0,0.0,0.0
1582,телефон,327.0,65720.0,65.0,3.0,1.0,1.0,0.0,0.0,0.0
1583,темна,0.0,0.0,0.0,0.0,0.0,0.0,0.0,0.0,0.0
1584,темнокожий,103.0,19598.0,106.0,2.0,1.0,0.0,0.0,0.0,0.0
1585,теперь,462.0,98548.0,171.0,16.0,1.0,2.0,0.0,0.0,0.0
1586,теракт,280.0,56431.0,139.0,9.0,0.0,0.0,0.0,0.0,1.0
1587,территория,0.0,0.0,0.0,0.0,0.0,0.0,0.0,0.0,0.0
1588,терроризм,0.0,0.0,0.0,0.0,0.0,0.0,0.0,0.0,0.0
1589,тест,332.0,124271.0,133.0,6.0,0.0,3.0,0.0,0.0,0.0
1590,тестирование,79.0,49785.0,16.0,6.0,0.0,0.0,0.0,0.0,1.0
1591,тестировать,28.0,32974.0,41.0,0.0,1.0,0.0,1.0,0.0,0.0
1592,тестовый,0.0,0.0,0.0,0.0,0.0,0.0,0.0,0.0,0.0
1593,технология,0.0,0.0,0.0,0.0,0.0,0.0,0.0,0.0,0.0
1594,тимати,381.0,87848.0,139.0,7.0,1.0,1.0,0.0,0.0,0.0
1595,титова,62.0,13424.0,26.0,4.0,0.0,1.0,0.0,0.0,0.0
1596,то,573.0,168367.0,177.0,33.0,0.0,5.0,0.0,0.0,0.0
1597,товарный,218.0,49084.0,11.0,7.0,2.0,0.0,0.0,0.0,0.0
1598,того,270.0,41668.0,60.0,4.0,0.0,1.0,0.0,0.0,0.0
1599,токио,137.0,47213.0,47.0,3.0,0.0,1.0,0.0,0.0,0.0
1600,токсичный,0.0,0.0,0.0,0.0,0.0,0.0,0.0,0.0,0.0
1601,том,270.0,53650.0,141.0,11.0,0.0,1.0,0.0,0.0,0.0
1602,тонна,0.0,0.0,0.0,0.0,0.0,0.0,0.0,0.0,0.0
1603,топ,45.0,17864.0,66.0,3.0,0.0,0.0,0.0,1.0,0.0
1604,топливо,0.0,0.0,0.0,0.0,0.0,0.0,0.0,0.0,0.0
1605,торговля,0.0,0.0,0.0,0.0,0.0,0.0,0.0,0.0,0.0
1606,торговый,0.0,0.0,0.0,0.0,0.0,0.0,0.0,0.0,0.0
1607,торгцентр,0.0,0.0,0.0,0.0,0.0,0.0,0.0,0.0,0.0
1608,тот,345.0,30909.0,93.0,15.0,1.0,0.0,0.0,0.0,0.0
1609,точно,181.0,36553.0,37.0,7.0,0.0,1.0,0.0,0.0,0.0
1610,трактовать,0.0,0.0,0.0,0.0,0.0,0.0,0.0,0.0,0.0
1611,трамп,173.0,60025.0,148.0,6.0,0.0,2.0,0.0,1.0,0.0
1612,трансляция,8.0,2976.0,0.0,1.0,0.0,0.0,1.0,0.0,0.0
1613,транспортный,0.0,0.0,0.0,0.0,0.0,0.0,0.0,0.0,0.0
1614,трансфин,38.0,16780.0,56.0,1.0,0.0,0.0,0.0,1.0,0.0
1615,требовать,0.0,0.0,0.0,0.0,0.0,0.0,0.0,0.0,0.0
1616,тред,30.0,16162.0,21.0,2.0,1.0,0.0,0.0,0.0,0.0
1617,трек,0.0,0.0,0.0,0.0,0.0,0.0,0.0,0.0,0.0
1618,тренд,0.0,0.0,0.0,0.0,0.0,0.0,0.0,0.0,0.0
1619,три,181.0,70481.0,73.0,6.0,0.0,2.0,0.0,0.0,0.0
1620,трое,0.0,0.0,0.0,0.0,0.0,0.0,0.0,0.0,0.0
1621,тротуар,0.0,0.0,0.0,0.0,0.0,0.0,0.0,0.0,0.0
1622,трушкин,503.0,119099.0,174.0,33.0,0.0,1.0,0.0,1.0,1.0
1623,трц,20.0,18763.0,20.0,0.0,0.0,0.0,0.0,1.0,0.0
1624,ту,129.0,42318.0,118.0,11.0,0.0,0.0,0.0,0.0,1.0
1625,туалет,0.0,0.0,0.0,0.0,0.0,0.0,0.0,0.0,0.0
1626,турист,0.0,0.0,0.0,0.0,0.0,0.0,0.0,0.0,0.0
1627,тушить,0.0,0.0,0.0,0.0,0.0,0.0,0.0,0.0,0.0
1628,тц,37.0,23511.0,65.0,1.0,0.0,0.0,0.0,1.0,0.0
1629,тыс,48.0,18814.0,67.0,5.0,0.0,0.0,0.0,1.0,0.0
1630,тысяча,0.0,0.0,0.0,0.0,0.0,0.0,0.0,0.0,0.0
1631,тэц,831.0,287358.0,659.0,27.0,2.0,2.0,0.0,2.0,3.0
1632,убийство,89.0,23811.0,50.0,3.0,1.0,0.0,0.0,0.0,0.0
1633,убийца,0.0,0.0,0.0,0.0,0.0,0.0,0.0,0.0,0.0
1634,убитый,0.0,0.0,0.0,0.0,0.0,0.0,0.0,0.0,0.0
1635,убить,0.0,0.0,0.0,0.0,0.0,0.0,0.0,0.0,0.0
1636,убояться,0.0,0.0,0.0,0.0,0.0,0.0,0.0,0.0,0.0
1637,убрать,0.0,0.0,0.0,0.0,0.0,0.0,0.0,0.0,0.0
1638,увд,81.0,25233.0,125.0,4.0,0.0,0.0,0.0,1.0,0.0
1639,увеличение,0.0,0.0,0.0,0.0,0.0,0.0,0.0,0.0,0.0
1640,увидеть,0.0,0.0,0.0,0.0,0.0,0.0,0.0,0.0,0.0
1641,уводить,0.0,0.0,0.0,0.0,0.0,0.0,0.0,0.0,0.0
1642,уволить,0.0,0.0,0.0,0.0,0.0,0.0,0.0,0.0,0.0
1643,увольнение,0.0,0.0,0.0,0.0,0.0,0.0,0.0,0.0,0.0
1644,углерод,5.0,4037.0,1.0,0.0,0.0,0.0,1.0,0.0,0.0
1645,уголовный,0.0,0.0,0.0,0.0,0.0,0.0,0.0,0.0,0.0
1646,угроза,0.0,0.0,0.0,0.0,0.0,0.0,0.0,0.0,0.0
1647,угрозы,100.0,20576.0,3.0,6.0,1.0,0.0,0.0,0.0,0.0
1648,удалили,161.0,39986.0,42.0,4.0,0.0,1.0,0.0,0.0,0.0
1649,удалить,49.0,19376.0,31.0,0.0,1.0,0.0,0.0,0.0,0.0
1650,удалёнка,0.0,0.0,0.0,0.0,0.0,0.0,0.0,0.0,0.0
1651,удалённый,0.0,0.0,0.0,0.0,0.0,0.0,0.0,0.0,0.0
1652,удо,58.0,30755.0,6.0,0.0,0.0,1.0,0.0,0.0,0.0
1653,ужас,101.0,52646.0,160.0,5.0,0.0,0.0,0.0,0.0,1.0
1654,ужасно,7.0,3062.0,1.0,2.0,0.0,0.0,1.0,0.0,0.0
1655,уживаться,0.0,0.0,0.0,0.0,0.0,0.0,0.0,0.0,0.0
1656,узаконить,0.0,0.0,0.0,0.0,0.0,0.0,0.0,0.0,0.0
1657,узнать,0.0,0.0,0.0,0.0,0.0,0.0,0.0,0.0,0.0
1658,уйти,403.0,46368.0,199.0,12.0,0.0,1.0,0.0,0.0,0.0
1659,указать,0.0,0.0,0.0,0.0,0.0,0.0,0.0,0.0,0.0
1660,украина,0.0,0.0,0.0,0.0,0.0,0.0,0.0,0.0,0.0
1661,украинский,104.0,55232.0,90.0,2.0,0.0,0.0,0.0,0.0,1.0
1662,уличный,0.0,0.0,0.0,0.0,0.0,0.0,0.0,0.0,0.0
1663,улоф,0.0,0.0,0.0,0.0,0.0,0.0,0.0,0.0,0.0
1664,улучшают,30.0,16162.0,21.0,2.0,1.0,0.0,0.0,0.0,0.0
1665,умереть,0.0,0.0,0.0,0.0,0.0,0.0,0.0,0.0,0.0
1666,умерший,0.0,0.0,0.0,0.0,0.0,0.0,0.0,0.0,0.0
1667,унести,0.0,0.0,0.0,0.0,0.0,0.0,0.0,0.0,0.0
1668,уоллер,88.0,32675.0,15.0,3.0,0.0,1.0,0.0,0.0,0.0
1669,упасть,0.0,0.0,0.0,0.0,0.0,0.0,0.0,0.0,0.0
1670,управление,0.0,0.0,0.0,0.0,0.0,0.0,0.0,0.0,0.0
1671,управлять,0.0,0.0,0.0,0.0,0.0,0.0,0.0,0.0,0.0
1672,урал,0.0,0.0,0.0,0.0,0.0,0.0,0.0,0.0,0.0
1673,урок,0.0,0.0,0.0,0.0,0.0,0.0,0.0,0.0,0.0
1674,усиливать,0.0,0.0,0.0,0.0,0.0,0.0,0.0,0.0,0.0
1675,условие,0.0,0.0,0.0,0.0,0.0,0.0,0.0,0.0,0.0
1676,уссурийск,0.0,0.0,0.0,0.0,0.0,0.0,0.0,0.0,0.0
1677,устанавливать,0.0,0.0,0.0,0.0,0.0,0.0,0.0,0.0,0.0
1678,установила,75.0,35227.0,29.0,1.0,0.0,1.0,0.0,0.0,0.0
1679,установить,0.0,0.0,0.0,0.0,0.0,0.0,0.0,0.0,0.0
1680,устать,0.0,0.0,0.0,0.0,0.0,0.0,0.0,0.0,0.0
1681,устраивать,110.0,39520.0,34.0,4.0,0.0,1.0,0.0,0.0,0.0
1682,устроить,0.0,0.0,0.0,0.0,0.0,0.0,0.0,0.0,0.0
1683,утвердить,0.0,0.0,0.0,0.0,0.0,0.0,0.0,0.0,0.0
1684,утечка,0.0,0.0,0.0,0.0,0.0,0.0,0.0,0.0,0.0
1685,утопить,0.0,0.0,0.0,0.0,0.0,0.0,0.0,0.0,0.0
1686,уфа,0.0,0.0,0.0,0.0,0.0,0.0,0.0,0.0,0.0
1687,уходить,135.0,30710.0,80.0,7.0,1.0,0.0,0.0,0.0,0.0
1688,участие,111.0,31568.0,44.0,5.0,0.0,1.0,0.0,0.0,0.0
1689,участник,0.0,0.0,0.0,0.0,0.0,0.0,0.0,0.0,0.0
1690,учредитель,0.0,0.0,0.0,0.0,0.0,0.0,0.0,0.0,0.0
1691,учёный,0.0,0.0,0.0,0.0,0.0,0.0,0.0,0.0,0.0
1692,учёт,30.0,20728.0,2.0,2.0,1.0,0.0,0.0,0.0,0.0
1693,учётный,0.0,0.0,0.0,0.0,0.0,0.0,0.0,0.0,0.0
1694,фактором,2.0,2612.0,0.0,1.0,0.0,0.0,1.0,0.0,0.0
1695,фальсификация,0.0,0.0,0.0,0.0,0.0,0.0,0.0,0.0,0.0
1696,фас,360.0,82584.0,145.0,6.0,0.0,2.0,1.0,1.0,0.0
1697,фашистский,0.0,0.0,0.0,0.0,0.0,0.0,0.0,0.0,0.0
1698,фбк,437.0,37709.0,45.0,14.0,0.0,1.0,0.0,0.0,0.0
1699,фейк,30.0,17306.0,0.0,1.0,1.0,0.0,0.0,0.0,0.0
1700,фейки,151.0,47316.0,100.0,9.0,1.0,1.0,0.0,0.0,0.0
1701,фейков,0.0,0.0,0.0,0.0,0.0,0.0,0.0,0.0,0.0
1702,фейковыя,0.0,0.0,0.0,0.0,0.0,0.0,0.0,0.0,0.0
1703,фейкома,0.0,0.0,0.0,0.0,0.0,0.0,0.0,0.0,0.0
1704,фестиваль,1.0,2785.0,4.0,0.0,0.0,0.0,1.0,0.0,0.0
1705,фиби,88.0,32675.0,15.0,3.0,0.0,1.0,0.0,0.0,0.0
1706,фигурант,111.0,31568.0,44.0,5.0,0.0,1.0,0.0,0.0,0.0
1707,фильм,333.0,97830.0,244.0,25.0,1.0,2.0,0.0,1.0,0.0
1708,финансовый,0.0,0.0,0.0,0.0,0.0,0.0,0.0,0.0,0.0
1709,флойд,0.0,0.0,0.0,0.0,0.0,0.0,0.0,0.0,0.0
1710,флойда,239.0,64742.0,273.0,8.0,2.0,0.0,0.0,1.0,0.0
1711,фон,0.0,0.0,0.0,0.0,0.0,0.0,0.0,0.0,0.0
1712,фонд,0.0,0.0,0.0,0.0,0.0,0.0,0.0,0.0,0.0
1713,фото,227.0,44891.0,14.0,8.0,2.0,0.0,1.0,0.0,0.0
1714,фоторепортаж,17.0,20366.0,196.0,0.0,0.0,0.0,0.0,1.0,0.0
1715,франция,0.0,0.0,0.0,0.0,0.0,0.0,0.0,0.0,0.0
1716,фрс,60.0,29087.0,165.0,8.0,0.0,0.0,1.0,1.0,0.0
1717,фсб,76.0,35273.0,35.0,1.0,0.0,1.0,0.0,0.0,0.0
1718,фургон,0.0,0.0,0.0,0.0,0.0,0.0,0.0,0.0,0.0
1719,футуристичный,71.0,11644.0,27.0,2.0,1.0,0.0,0.0,0.0,0.0
1720,хакер,0.0,0.0,0.0,0.0,0.0,0.0,0.0,0.0,0.0
1721,халатность,0.0,0.0,0.0,0.0,0.0,0.0,0.0,0.0,0.0
1722,хватить,0.0,0.0,0.0,0.0,0.0,0.0,0.0,0.0,0.0
1723,хищение,0.0,0.0,0.0,0.0,0.0,0.0,0.0,0.0,0.0
1724,хмурый,0.0,0.0,0.0,0.0,0.0,0.0,0.0,0.0,0.0
1725,ход,1.0,3235.0,1.0,0.0,0.0,0.0,1.0,0.0,0.0
1726,ходить,382.0,44693.0,76.0,11.0,0.0,1.0,0.0,0.0,0.0
1727,хоккеист,0.0,0.0,0.0,0.0,0.0,0.0,0.0,0.0,0.0
1728,хоппер,1.0,3094.0,1.0,0.0,0.0,0.0,1.0,0.0,0.0
1729,хоронить,15.0,13907.0,10.0,0.0,0.0,0.0,0.0,1.0,0.0
1730,хороший,0.0,0.0,0.0,0.0,0.0,0.0,0.0,0.0,0.0
1731,хотеть,0.0,0.0,0.0,0.0,0.0,0.0,0.0,0.0,0.0
1732,хотеться,0.0,0.0,0.0,0.0,0.0,0.0,0.0,0.0,0.0
1733,хочешь,598.0,45091.0,165.0,28.0,0.0,1.0,0.0,0.0,0.0
1734,христофор,0.0,0.0,0.0,0.0,0.0,0.0,0.0,0.0,0.0
1735,художница,0.0,0.0,0.0,0.0,0.0,0.0,0.0,0.0,0.0
1736,хьюстоне,17.0,20366.0,196.0,0.0,0.0,0.0,0.0,1.0,0.0
1737,цб,117.0,75288.0,110.0,15.0,0.0,0.0,0.0,1.0,1.0
1738,цветков,0.0,0.0,0.0,0.0,0.0,0.0,0.0,0.0,0.0
1739,цена,43.0,23974.0,86.0,0.0,0.0,0.0,2.0,1.0,0.0
1740,цензура,127.0,32791.0,122.0,7.0,0.0,1.0,0.0,0.0,0.0
1741,центр,0.0,0.0,0.0,0.0,0.0,0.0,0.0,0.0,0.0
1742,центра,80.0,18896.0,61.0,1.0,1.0,0.0,0.0,0.0,0.0
1743,цик,151.0,47316.0,100.0,9.0,1.0,1.0,0.0,0.0,0.0
1744,цифровой,0.0,0.0,0.0,0.0,0.0,0.0,0.0,0.0,0.0
1745,цодда,0.0,0.0,0.0,0.0,0.0,0.0,0.0,0.0,0.0
1746,частное,0.0,0.0,0.0,0.0,0.0,0.0,0.0,0.0,0.0
1747,часть,0.0,0.0,0.0,0.0,0.0,0.0,0.0,0.0,0.0
1748,чей,0.0,0.0,0.0,0.0,0.0,0.0,0.0,0.0,0.0
1749,чек,23.0,17009.0,2.0,3.0,0.0,0.0,0.0,1.0,0.0
1750,человек,856.0,245437.0,377.0,34.0,2.0,4.0,1.0,2.0,0.0
1751,чернокожий,0.0,0.0,0.0,0.0,0.0,0.0,0.0,0.0,0.0
1752,честь,85.0,31257.0,14.0,0.0,0.0,1.0,0.0,0.0,0.0
1753,чиновник,0.0,0.0,0.0,0.0,0.0,0.0,0.0,0.0,0.0
1754,чиновница,233.0,66151.0,294.0,27.0,0.0,0.0,0.0,0.0,1.0
1755,число,348.0,159970.0,314.0,21.0,0.0,2.0,0.0,2.0,1.0
1756,читать,0.0,0.0,0.0,0.0,0.0,0.0,0.0,0.0,0.0
1757,чп,85.0,17686.0,29.0,3.0,1.0,0.0,0.0,0.0,0.0
1758,чрезвычайный,0.0,0.0,0.0,0.0,0.0,0.0,0.0,0.0,0.0
1759,чс,119.0,49007.0,70.0,14.0,0.0,0.0,0.0,0.0,1.0
1760,что,1970.0,533622.0,1345.0,78.0,4.0,5.0,0.0,6.0,3.0
1761,чёрный,0.0,0.0,0.0,0.0,0.0,0.0,0.0,0.0,0.0
1762,шанс,20.0,18763.0,20.0,0.0,0.0,0.0,0.0,1.0,0.0
1763,швейцария,0.0,0.0,0.0,0.0,0.0,0.0,0.0,0.0,0.0
1764,швеция,116.0,32141.0,12.0,1.0,0.0,1.0,0.0,0.0,0.0
1765,шествие,0.0,0.0,0.0,0.0,0.0,0.0,0.0,0.0,0.0
1766,шею,538.0,77078.0,279.0,19.0,1.0,1.0,0.0,0.0,0.0
1767,шея,0.0,0.0,0.0,0.0,0.0,0.0,0.0,0.0,0.0
1768,шиесе,150.0,22863.0,22.0,6.0,1.0,0.0,0.0,0.0,0.0
1769,школьник,0.0,0.0,0.0,0.0,0.0,0.0,0.0,0.0,0.0
1770,шоу,218.0,49084.0,11.0,7.0,2.0,0.0,0.0,0.0,0.0
1771,шпионаж,67.0,34058.0,16.0,1.0,0.0,1.0,0.0,0.0,0.0
1772,штраф,136.0,31147.0,52.0,7.0,0.0,1.0,0.0,0.0,0.0
1773,шувалов,0.0,0.0,0.0,0.0,0.0,0.0,0.0,0.0,0.0
1774,экзамен,0.0,0.0,0.0,0.0,0.0,0.0,0.0,0.0,0.0
1775,экологический,0.0,0.0,0.0,0.0,0.0,0.0,0.0,0.0,0.0
1776,экономика,0.0,0.0,0.0,0.0,0.0,0.0,0.0,0.0,0.0
1777,экономист,0.0,0.0,0.0,0.0,0.0,0.0,0.0,0.0,0.0
1778,экономический,0.0,0.0,0.0,0.0,0.0,0.0,0.0,0.0,0.0
1779,экс,318.0,104673.0,387.0,31.0,1.0,0.0,0.0,1.0,1.0
1780,эксперимент,151.0,32122.0,57.0,17.0,0.0,1.0,0.0,0.0,0.0
1781,экспертиза,75.0,35227.0,29.0,1.0,0.0,1.0,0.0,0.0,0.0
1782,электронный,0.0,0.0,0.0,0.0,0.0,0.0,0.0,0.0,0.0
1783,эльзы,78.0,28824.0,51.0,1.0,0.0,1.0,0.0,0.0,0.0
1784,эмодзь,0.0,0.0,0.0,0.0,0.0,0.0,0.0,0.0,0.0
1785,энд,1.0,3094.0,1.0,0.0,0.0,0.0,1.0,0.0,0.0
1786,энергетик,0.0,0.0,0.0,0.0,0.0,0.0,0.0,0.0,0.0
1787,энн,183.0,32437.0,27.0,1.0,1.0,0.0,0.0,0.0,0.0
1788,эпидемии,158.0,64196.0,81.0,9.0,0.0,1.0,0.0,0.0,1.0
1789,эпидемия,0.0,0.0,0.0,0.0,0.0,0.0,0.0,0.0,0.0
1790,этика,0.0,0.0,0.0,0.0,0.0,0.0,0.0,0.0,0.0
1791,этический,110.0,39520.0,34.0,4.0,0.0,1.0,0.0,0.0,0.0
1792,это,1204.0,278677.0,444.0,46.0,3.0,6.0,1.0,0.0,0.0
1793,этот,0.0,0.0,0.0,0.0,0.0,0.0,0.0,0.0,0.0
1794,эффективна,270.0,53650.0,141.0,11.0,0.0,1.0,0.0,0.0,0.0
1795,эффективной,102.0,32921.0,50.0,4.0,1.0,0.0,0.0,0.0,0.0
1796,южный,0.0,0.0,0.0,0.0,0.0,0.0,0.0,0.0,0.0
1797,юзеф,0.0,0.0,0.0,0.0,0.0,0.0,0.0,0.0,0.0
1798,юлий,0.0,0.0,0.0,0.0,0.0,0.0,0.0,0.0,0.0
1799,юмористический,0.0,0.0,0.0,0.0,0.0,0.0,0.0,0.0,0.0
1800,юрист,0.0,0.0,0.0,0.0,0.0,0.0,0.0,0.0,0.0
1801,юстиция,0.0,0.0,0.0,0.0,0.0,0.0,0.0,0.0,0.0
1802,ютубе,85.0,17686.0,29.0,3.0,1.0,0.0,0.0,0.0,0.0
1803,ютьюбе,302.0,65005.0,112.0,6.0,0.0,1.0,0.0,0.0,0.0
1804,язык,153.0,70635.0,188.0,3.0,0.0,0.0,0.0,1.0,1.0
1805,яиц,76.0,15377.0,4.0,4.0,1.0,0.0,0.0,0.0,0.0
1806,яндекс,535.0,105118.0,569.0,11.0,1.0,2.0,0.0,0.0,0.0
1807,яндекса,3.0,3038.0,4.0,1.0,0.0,0.0,1.0,0.0,0.0
1808,яндекскуколд,477.0,85259.0,538.0,10.0,1.0,1.0,0.0,0.0,0.0
1809,яндексу,78.0,19850.0,35.0,1.0,0.0,0.0,1.0,1.0,0.0
1810,ясно,3.0,2451.0,3.0,1.0,0.0,0.0,1.0,0.0,0.0
1811,ясный,0.0,0.0,0.0,0.0,0.0,0.0,0.0,0.0,0.0
